This is pdfTeX, Version 3.141592653-2.6-1.40.29 (MiKTeX 26.1) (preloaded format=pdflatex 2026.2.1)  23 SEP 2026 18:06
entering extended mode
 restricted \write18 enabled.
 file:line:error style messages enabled.
 %&-line parsing enabled.
**"d:/VS Code/Deep Learning/EEG Signal/EEG_Review_Paper/template.tex"
(d:/VS Code/Deep Learning/EEG Signal/EEG_Review_Paper/template.tex
LaTeX2e <2025-11-01>
L3 programming layer <2026-01-19>
(WileyMSP-template.cls
Document Class: WileyMSP-template 
(C:\Users\shihabsarar12\AppData\Local\Programs\MiKTeX\tex/latex/base\article.cls
Document Class: article 2025/01/22 v1.4n Standard LaTeX document class
(C:\Users\shihabsarar12\AppData\Local\Programs\MiKTeX\tex/latex/base\size10.clo
File: size10.clo 2025/01/22 v1.4n Standard LaTeX file (size option)
)
\c@part=\count275
\c@section=\count276
\c@subsection=\count277
\c@subsubsection=\count278
\c@paragraph=\count279
\c@subparagraph=\count280
\c@figure=\count281
\c@table=\count282
\abovecaptionskip=\skip49
\belowcaptionskip=\skip50
\bibindent=\dimen148
) (C:\Users\shihabsarar12\AppData\Local\Programs\MiKTeX\tex/latex/ragged2e\ragged2e.sty
Package: ragged2e 2023/06/22 v3.6 ragged2e Package
\CenteringLeftskip=\skip51
\RaggedLeftLeftskip=\skip52
\RaggedRightLeftskip=\skip53
\CenteringRightskip=\skip54
\RaggedLeftRightskip=\skip55
\RaggedRightRightskip=\skip56
\CenteringParfillskip=\skip57
\RaggedLeftParfillskip=\skip58
\RaggedRightParfillskip=\skip59
\JustifyingParfillskip=\skip60
\CenteringParindent=\skip61
\RaggedLeftParindent=\skip62
\RaggedRightParindent=\skip63
\JustifyingParindent=\skip64
) (C:\Users\shihabsarar12\AppData\Local\Programs\MiKTeX\tex/latex/graphics\graphicx.sty
Package: graphicx 2024/12/31 v1.2e Enhanced LaTeX Graphics (DPC,SPQR)
 (C:\Users\shihabsarar12\AppData\Local\Programs\MiKTeX\tex/latex/graphics\keyval.sty
Package: keyval 2022/05/29 v1.15 key=value parser (DPC)
\KV@toks@=\toks17
) (C:\Users\shihabsarar12\AppData\Local\Programs\MiKTeX\tex/latex/graphics\graphics.sty
Package: graphics 2024/08/06 v1.4g Standard LaTeX Graphics (DPC,SPQR)
 (C:\Users\shihabsarar12\AppData\Local\Programs\MiKTeX\tex/latex/graphics\trig.sty
Package: trig 2023/12/02 v1.11 sin cos tan (DPC)
) (C:\Users\shihabsarar12\AppData\Local\Programs\MiKTeX\tex/latex/graphics-cfg\graphics.cfg
File: graphics.cfg 2016/06/04 v1.11 sample graphics configuration
)
Package graphics Info: Driver file: pdftex.def on input line 106.
 (C:\Users\shihabsarar12\AppData\Local\Programs\MiKTeX\tex/latex/graphics-def\pdftex.def
File: pdftex.def 2025/09/29 v1.2d Graphics/color driver for pdftex
))
\Gin@req@height=\dimen149
\Gin@req@width=\dimen150
) (C:\Users\shihabsarar12\AppData\Local\Programs\MiKTeX\tex/latex/caption\caption.sty
Package: caption 2023/08/05 v3.6o Customizing captions (AR)
 (C:\Users\shihabsarar12\AppData\Local\Programs\MiKTeX\tex/latex/caption\caption3.sty
Package: caption3 2023/07/31 v2.4d caption3 kernel (AR)
\caption@tempdima=\dimen151
\captionmargin=\dimen152
\caption@leftmargin=\dimen153
\caption@rightmargin=\dimen154
\caption@width=\dimen155
\caption@indent=\dimen156
\caption@parindent=\dimen157
\caption@hangindent=\dimen158
Package caption Info: Standard document class detected.
)
\c@caption@flags=\count283
\c@continuedfloat=\count284
) (C:\Users\shihabsarar12\AppData\Local\Programs\MiKTeX\tex/latex/geometry\geometry.sty
Package: geometry 2020/01/02 v5.9 Page Geometry
 (C:\Users\shihabsarar12\AppData\Local\Programs\MiKTeX\tex/generic/iftex\ifvtex.sty
Package: ifvtex 2019/10/25 v1.7 ifvtex legacy package. Use iftex instead.
 (C:\Users\shihabsarar12\AppData\Local\Programs\MiKTeX\tex/generic/iftex\iftex.sty
Package: iftex 2024/12/12 v1.0g TeX engine tests
))
\Gm@cnth=\count285
\Gm@cntv=\count286
\c@Gm@tempcnt=\count287
\Gm@bindingoffset=\dimen159
\Gm@wd@mp=\dimen160
\Gm@odd@mp=\dimen161
\Gm@even@mp=\dimen162
\Gm@layoutwidth=\dimen163
\Gm@layoutheight=\dimen164
\Gm@layouthoffset=\dimen165
\Gm@layoutvoffset=\dimen166
\Gm@dimlist=\toks18
 (C:\Users\shihabsarar12\AppData\Local\Programs\MiKTeX\tex/latex/geometry\geometry.cfg)) (C:\Users\shihabsarar12\AppData\Local\Programs\MiKTeX\tex/latex/fancyhdr\fancyhdr.sty
Package: fancyhdr 2025/02/07 v5.2 Extensive control of page headers and footers
\f@nch@headwidth=\skip65
\f@nch@offset@elh=\skip66
\f@nch@offset@erh=\skip67
\f@nch@offset@olh=\skip68
\f@nch@offset@orh=\skip69
\f@nch@offset@elf=\skip70
\f@nch@offset@erf=\skip71
\f@nch@offset@olf=\skip72
\f@nch@offset@orf=\skip73
\f@nch@height=\skip74
\f@nch@footalignment=\skip75
\f@nch@widthL=\skip76
\f@nch@widthC=\skip77
\f@nch@widthR=\skip78
\@temptokenb=\toks19
) (C:\Users\shihabsarar12\AppData\Local\Programs\MiKTeX\tex/latex/gensymb\gensymb.sty
Package: gensymb 2022/10/17 v1.0.2 (KJH)
)) (C:\Users\shihabsarar12\AppData\Local\Programs\MiKTeX\tex/latex/base\inputenc.sty
Package: inputenc 2024/02/08 v1.3d Input encoding file
\inpenc@prehook=\toks20
\inpenc@posthook=\toks21
) (C:\Users\shihabsarar12\AppData\Local\Programs\MiKTeX\tex/latex/textgreek\textgreek.sty
Package: textgreek 2011/10/09 v0.7 Greek symbols in text
Package textgreek Info: Loading the definitions for the Greek fontencoding. on input line 39.
 (C:\Users\shihabsarar12\AppData\Local\Programs\MiKTeX\tex/latex/greek-fontenc\lgrenc.def
File: lgrenc.def 2023-09-12 2.5 LGR Greek font encoding definitions
Now handling font encoding LGR ...
... processing UTF-8 mapping file for font encoding LGR
 (C:\Users\shihabsarar12\AppData\Local\Programs\MiKTeX\tex/latex/greek-inputenc\lgrenc.dfu
File: lgrenc.dfu 2023-03-21 1.9 UTF-8 support for Greek
   defining Unicode char U+00A8 (decimal 168)
   defining Unicode char U+00AB (decimal 171)
   defining Unicode char U+00AF (decimal 175)
   defining Unicode char U+00B4 (decimal 180)
   defining Unicode char U+00B7 (decimal 183)
   defining Unicode char U+00BB (decimal 187)
   defining Unicode char U+0259 (decimal 601)
   defining Unicode char U+02D8 (decimal 728)
   defining Unicode char U+0374 (decimal 884)
   defining Unicode char U+0375 (decimal 885)
   defining Unicode char U+037A (decimal 890)
   defining Unicode char U+037E (decimal 894)
   defining Unicode char U+0384 (decimal 900)
   defining Unicode char U+0385 (decimal 901)
   defining Unicode char U+0386 (decimal 902)
   defining Unicode char U+0387 (decimal 903)
   defining Unicode char U+0388 (decimal 904)
   defining Unicode char U+0389 (decimal 905)
   defining Unicode char U+038A (decimal 906)
   defining Unicode char U+038C (decimal 908)
   defining Unicode char U+038E (decimal 910)
   defining Unicode char U+038F (decimal 911)
   defining Unicode char U+0390 (decimal 912)
   defining Unicode char U+0391 (decimal 913)
   defining Unicode char U+0392 (decimal 914)
   defining Unicode char U+0393 (decimal 915)
   defining Unicode char U+0394 (decimal 916)
   defining Unicode char U+0395 (decimal 917)
   defining Unicode char U+0396 (decimal 918)
   defining Unicode char U+0397 (decimal 919)
   defining Unicode char U+0398 (decimal 920)
   defining Unicode char U+0399 (decimal 921)
   defining Unicode char U+039A (decimal 922)
   defining Unicode char U+039B (decimal 923)
   defining Unicode char U+039C (decimal 924)
   defining Unicode char U+039D (decimal 925)
   defining Unicode char U+039E (decimal 926)
   defining Unicode char U+039F (decimal 927)
   defining Unicode char U+03A0 (decimal 928)
   defining Unicode char U+03A1 (decimal 929)
   defining Unicode char U+03A3 (decimal 931)
   defining Unicode char U+03A4 (decimal 932)
   defining Unicode char U+03A5 (decimal 933)
   defining Unicode char U+03A6 (decimal 934)
   defining Unicode char U+03A7 (decimal 935)
   defining Unicode char U+03A8 (decimal 936)
   defining Unicode char U+03A9 (decimal 937)
   defining Unicode char U+03AA (decimal 938)
   defining Unicode char U+03AB (decimal 939)
   defining Unicode char U+03AC (decimal 940)
   defining Unicode char U+03AD (decimal 941)
   defining Unicode char U+03AE (decimal 942)
   defining Unicode char U+03AF (decimal 943)
   defining Unicode char U+03B0 (decimal 944)
   defining Unicode char U+03B1 (decimal 945)
   defining Unicode char U+03B2 (decimal 946)
   defining Unicode char U+03B3 (decimal 947)
   defining Unicode char U+03B4 (decimal 948)
   defining Unicode char U+03B5 (decimal 949)
   defining Unicode char U+03B6 (decimal 950)
   defining Unicode char U+03B7 (decimal 951)
   defining Unicode char U+03B8 (decimal 952)
   defining Unicode char U+03B9 (decimal 953)
   defining Unicode char U+03BA (decimal 954)
   defining Unicode char U+03BB (decimal 955)
   defining Unicode char U+03BC (decimal 956)
   defining Unicode char U+03BD (decimal 957)
   defining Unicode char U+03BE (decimal 958)
   defining Unicode char U+03BF (decimal 959)
   defining Unicode char U+03C0 (decimal 960)
   defining Unicode char U+03C1 (decimal 961)
   defining Unicode char U+03C2 (decimal 962)
   defining Unicode char U+03C3 (decimal 963)
   defining Unicode char U+03C4 (decimal 964)
   defining Unicode char U+03C5 (decimal 965)
   defining Unicode char U+03C6 (decimal 966)
   defining Unicode char U+03C7 (decimal 967)
   defining Unicode char U+03C8 (decimal 968)
   defining Unicode char U+03C9 (decimal 969)
   defining Unicode char U+03CA (decimal 970)
   defining Unicode char U+03CB (decimal 971)
   defining Unicode char U+03CC (decimal 972)
   defining Unicode char U+03CD (decimal 973)
   defining Unicode char U+03CE (decimal 974)
   defining Unicode char U+03D0 (decimal 976)
   defining Unicode char U+03D1 (decimal 977)
   defining Unicode char U+03D5 (decimal 981)
   defining Unicode char U+03D6 (decimal 982)
   defining Unicode char U+03D8 (decimal 984)
   defining Unicode char U+03D9 (decimal 985)
   defining Unicode char U+03DA (decimal 986)
   defining Unicode char U+03DB (decimal 987)
   defining Unicode char U+03DC (decimal 988)
   defining Unicode char U+03DD (decimal 989)
   defining Unicode char U+03DE (decimal 990)
   defining Unicode char U+03DF (decimal 991)
   defining Unicode char U+03E0 (decimal 992)
   defining Unicode char U+03E1 (decimal 993)
   defining Unicode char U+03F0 (decimal 1008)
   defining Unicode char U+03F1 (decimal 1009)
   defining Unicode char U+03F4 (decimal 1012)
   defining Unicode char U+03F5 (decimal 1013)
   defining Unicode char U+1F00 (decimal 7936)
   defining Unicode char U+1F01 (decimal 7937)
   defining Unicode char U+1F02 (decimal 7938)
   defining Unicode char U+1F03 (decimal 7939)
   defining Unicode char U+1F04 (decimal 7940)
   defining Unicode char U+1F05 (decimal 7941)
   defining Unicode char U+1F06 (decimal 7942)
   defining Unicode char U+1F07 (decimal 7943)
   defining Unicode char U+1F08 (decimal 7944)
   defining Unicode char U+1F09 (decimal 7945)
   defining Unicode char U+1F0A (decimal 7946)
   defining Unicode char U+1F0B (decimal 7947)
   defining Unicode char U+1F0C (decimal 7948)
   defining Unicode char U+1F0D (decimal 7949)
   defining Unicode char U+1F0E (decimal 7950)
   defining Unicode char U+1F0F (decimal 7951)
   defining Unicode char U+1F10 (decimal 7952)
   defining Unicode char U+1F11 (decimal 7953)
   defining Unicode char U+1F12 (decimal 7954)
   defining Unicode char U+1F13 (decimal 7955)
   defining Unicode char U+1F14 (decimal 7956)
   defining Unicode char U+1F15 (decimal 7957)
   defining Unicode char U+1F18 (decimal 7960)
   defining Unicode char U+1F19 (decimal 7961)
   defining Unicode char U+1F1A (decimal 7962)
   defining Unicode char U+1F1B (decimal 7963)
   defining Unicode char U+1F1C (decimal 7964)
   defining Unicode char U+1F1D (decimal 7965)
   defining Unicode char U+1F20 (decimal 7968)
   defining Unicode char U+1F21 (decimal 7969)
   defining Unicode char U+1F22 (decimal 7970)
   defining Unicode char U+1F23 (decimal 7971)
   defining Unicode char U+1F24 (decimal 7972)
   defining Unicode char U+1F25 (decimal 7973)
   defining Unicode char U+1F26 (decimal 7974)
   defining Unicode char U+1F27 (decimal 7975)
   defining Unicode char U+1F28 (decimal 7976)
   defining Unicode char U+1F29 (decimal 7977)
   defining Unicode char U+1F2A (decimal 7978)
   defining Unicode char U+1F2B (decimal 7979)
   defining Unicode char U+1F2C (decimal 7980)
   defining Unicode char U+1F2D (decimal 7981)
   defining Unicode char U+1F2E (decimal 7982)
   defining Unicode char U+1F2F (decimal 7983)
   defining Unicode char U+1F30 (decimal 7984)
   defining Unicode char U+1F31 (decimal 7985)
   defining Unicode char U+1F32 (decimal 7986)
   defining Unicode char U+1F33 (decimal 7987)
   defining Unicode char U+1F34 (decimal 7988)
   defining Unicode char U+1F35 (decimal 7989)
   defining Unicode char U+1F36 (decimal 7990)
   defining Unicode char U+1F37 (decimal 7991)
   defining Unicode char U+1F38 (decimal 7992)
   defining Unicode char U+1F39 (decimal 7993)
   defining Unicode char U+1F3A (decimal 7994)
   defining Unicode char U+1F3B (decimal 7995)
   defining Unicode char U+1F3C (decimal 7996)
   defining Unicode char U+1F3D (decimal 7997)
   defining Unicode char U+1F3E (decimal 7998)
   defining Unicode char U+1F3F (decimal 7999)
   defining Unicode char U+1F40 (decimal 8000)
   defining Unicode char U+1F41 (decimal 8001)
   defining Unicode char U+1F42 (decimal 8002)
   defining Unicode char U+1F43 (decimal 8003)
   defining Unicode char U+1F44 (decimal 8004)
   defining Unicode char U+1F45 (decimal 8005)
   defining Unicode char U+1F48 (decimal 8008)
   defining Unicode char U+1F49 (decimal 8009)
   defining Unicode char U+1F4A (decimal 8010)
   defining Unicode char U+1F4B (decimal 8011)
   defining Unicode char U+1F4C (decimal 8012)
   defining Unicode char U+1F4D (decimal 8013)
   defining Unicode char U+1F50 (decimal 8016)
   defining Unicode char U+1F51 (decimal 8017)
   defining Unicode char U+1F52 (decimal 8018)
   defining Unicode char U+1F53 (decimal 8019)
   defining Unicode char U+1F54 (decimal 8020)
   defining Unicode char U+1F55 (decimal 8021)
   defining Unicode char U+1F56 (decimal 8022)
   defining Unicode char U+1F57 (decimal 8023)
   defining Unicode char U+1F59 (decimal 8025)
   defining Unicode char U+1F5B (decimal 8027)
   defining Unicode char U+1F5D (decimal 8029)
   defining Unicode char U+1F5F (decimal 8031)
   defining Unicode char U+1F60 (decimal 8032)
   defining Unicode char U+1F61 (decimal 8033)
   defining Unicode char U+1F62 (decimal 8034)
   defining Unicode char U+1F63 (decimal 8035)
   defining Unicode char U+1F64 (decimal 8036)
   defining Unicode char U+1F65 (decimal 8037)
   defining Unicode char U+1F66 (decimal 8038)
   defining Unicode char U+1F67 (decimal 8039)
   defining Unicode char U+1F68 (decimal 8040)
   defining Unicode char U+1F69 (decimal 8041)
   defining Unicode char U+1F6A (decimal 8042)
   defining Unicode char U+1F6B (decimal 8043)
   defining Unicode char U+1F6C (decimal 8044)
   defining Unicode char U+1F6D (decimal 8045)
   defining Unicode char U+1F6E (decimal 8046)
   defining Unicode char U+1F6F (decimal 8047)
   defining Unicode char U+1F70 (decimal 8048)
   defining Unicode char U+1F71 (decimal 8049)
   defining Unicode char U+1F72 (decimal 8050)
   defining Unicode char U+1F73 (decimal 8051)
   defining Unicode char U+1F74 (decimal 8052)
   defining Unicode char U+1F75 (decimal 8053)
   defining Unicode char U+1F76 (decimal 8054)
   defining Unicode char U+1F77 (decimal 8055)
   defining Unicode char U+1F78 (decimal 8056)
   defining Unicode char U+1F79 (decimal 8057)
   defining Unicode char U+1F7A (decimal 8058)
   defining Unicode char U+1F7B (decimal 8059)
   defining Unicode char U+1F7C (decimal 8060)
   defining Unicode char U+1F7D (decimal 8061)
   defining Unicode char U+1F80 (decimal 8064)
   defining Unicode char U+1F81 (decimal 8065)
   defining Unicode char U+1F82 (decimal 8066)
   defining Unicode char U+1F83 (decimal 8067)
   defining Unicode char U+1F84 (decimal 8068)
   defining Unicode char U+1F85 (decimal 8069)
   defining Unicode char U+1F86 (decimal 8070)
   defining Unicode char U+1F87 (decimal 8071)
   defining Unicode char U+1F88 (decimal 8072)
   defining Unicode char U+1F89 (decimal 8073)
   defining Unicode char U+1F8A (decimal 8074)
   defining Unicode char U+1F8B (decimal 8075)
   defining Unicode char U+1F8C (decimal 8076)
   defining Unicode char U+1F8D (decimal 8077)
   defining Unicode char U+1F8E (decimal 8078)
   defining Unicode char U+1F8F (decimal 8079)
   defining Unicode char U+1F90 (decimal 8080)
   defining Unicode char U+1F91 (decimal 8081)
   defining Unicode char U+1F92 (decimal 8082)
   defining Unicode char U+1F93 (decimal 8083)
   defining Unicode char U+1F94 (decimal 8084)
   defining Unicode char U+1F95 (decimal 8085)
   defining Unicode char U+1F96 (decimal 8086)
   defining Unicode char U+1F97 (decimal 8087)
   defining Unicode char U+1F98 (decimal 8088)
   defining Unicode char U+1F99 (decimal 8089)
   defining Unicode char U+1F9A (decimal 8090)
   defining Unicode char U+1F9B (decimal 8091)
   defining Unicode char U+1F9C (decimal 8092)
   defining Unicode char U+1F9D (decimal 8093)
   defining Unicode char U+1F9E (decimal 8094)
   defining Unicode char U+1F9F (decimal 8095)
   defining Unicode char U+1FA0 (decimal 8096)
   defining Unicode char U+1FA1 (decimal 8097)
   defining Unicode char U+1FA2 (decimal 8098)
   defining Unicode char U+1FA3 (decimal 8099)
   defining Unicode char U+1FA4 (decimal 8100)
   defining Unicode char U+1FA5 (decimal 8101)
   defining Unicode char U+1FA6 (decimal 8102)
   defining Unicode char U+1FA7 (decimal 8103)
   defining Unicode char U+1FA8 (decimal 8104)
   defining Unicode char U+1FA9 (decimal 8105)
   defining Unicode char U+1FAA (decimal 8106)
   defining Unicode char U+1FAB (decimal 8107)
   defining Unicode char U+1FAC (decimal 8108)
   defining Unicode char U+1FAD (decimal 8109)
   defining Unicode char U+1FAE (decimal 8110)
   defining Unicode char U+1FAF (decimal 8111)
   defining Unicode char U+1FB0 (decimal 8112)
   defining Unicode char U+1FB1 (decimal 8113)
   defining Unicode char U+1FB2 (decimal 8114)
   defining Unicode char U+1FB3 (decimal 8115)
   defining Unicode char U+1FB4 (decimal 8116)
   defining Unicode char U+1FB6 (decimal 8118)
   defining Unicode char U+1FB7 (decimal 8119)
   defining Unicode char U+1FB8 (decimal 8120)
   defining Unicode char U+1FB9 (decimal 8121)
   defining Unicode char U+1FBA (decimal 8122)
   defining Unicode char U+1FBB (decimal 8123)
   defining Unicode char U+1FBC (decimal 8124)
   defining Unicode char U+1FBD (decimal 8125)
   defining Unicode char U+1FBE (decimal 8126)
   defining Unicode char U+1FBF (decimal 8127)
   defining Unicode char U+1FC0 (decimal 8128)
   defining Unicode char U+1FC1 (decimal 8129)
   defining Unicode char U+1FC2 (decimal 8130)
   defining Unicode char U+1FC3 (decimal 8131)
   defining Unicode char U+1FC4 (decimal 8132)
   defining Unicode char U+1FC6 (decimal 8134)
   defining Unicode char U+1FC7 (decimal 8135)
   defining Unicode char U+1FC8 (decimal 8136)
   defining Unicode char U+1FC9 (decimal 8137)
   defining Unicode char U+1FCA (decimal 8138)
   defining Unicode char U+1FCB (decimal 8139)
   defining Unicode char U+1FCC (decimal 8140)
   defining Unicode char U+1FCD (decimal 8141)
   defining Unicode char U+1FCE (decimal 8142)
   defining Unicode char U+1FCF (decimal 8143)
   defining Unicode char U+1FD0 (decimal 8144)
   defining Unicode char U+1FD1 (decimal 8145)
   defining Unicode char U+1FD2 (decimal 8146)
   defining Unicode char U+1FD3 (decimal 8147)
   defining Unicode char U+1FD6 (decimal 8150)
   defining Unicode char U+1FD7 (decimal 8151)
   defining Unicode char U+1FD8 (decimal 8152)
   defining Unicode char U+1FD9 (decimal 8153)
   defining Unicode char U+1FDA (decimal 8154)
   defining Unicode char U+1FDB (decimal 8155)
   defining Unicode char U+1FDD (decimal 8157)
   defining Unicode char U+1FDE (decimal 8158)
   defining Unicode char U+1FDF (decimal 8159)
   defining Unicode char U+1FE0 (decimal 8160)
   defining Unicode char U+1FE1 (decimal 8161)
   defining Unicode char U+1FE2 (decimal 8162)
   defining Unicode char U+1FE3 (decimal 8163)
   defining Unicode char U+1FE4 (decimal 8164)
   defining Unicode char U+1FE5 (decimal 8165)
   defining Unicode char U+1FE6 (decimal 8166)
   defining Unicode char U+1FE7 (decimal 8167)
   defining Unicode char U+1FE8 (decimal 8168)
   defining Unicode char U+1FE9 (decimal 8169)
   defining Unicode char U+1FEA (decimal 8170)
   defining Unicode char U+1FEB (decimal 8171)
   defining Unicode char U+1FEC (decimal 8172)
   defining Unicode char U+1FED (decimal 8173)
   defining Unicode char U+1FEE (decimal 8174)
   defining Unicode char U+1FEF (decimal 8175)
   defining Unicode char U+1FF2 (decimal 8178)
   defining Unicode char U+1FF3 (decimal 8179)
   defining Unicode char U+1FF4 (decimal 8180)
   defining Unicode char U+1FF6 (decimal 8182)
   defining Unicode char U+1FF7 (decimal 8183)
   defining Unicode char U+1FF8 (decimal 8184)
   defining Unicode char U+1FF9 (decimal 8185)
   defining Unicode char U+1FFA (decimal 8186)
   defining Unicode char U+1FFB (decimal 8187)
   defining Unicode char U+1FFC (decimal 8188)
   defining Unicode char U+1FFD (decimal 8189)
   defining Unicode char U+1FFE (decimal 8190)
   defining Unicode char U+2013 (decimal 8211)
   defining Unicode char U+2014 (decimal 8212)
   defining Unicode char U+2018 (decimal 8216)
   defining Unicode char U+2019 (decimal 8217)
   defining Unicode char U+201A (decimal 8218)
   defining Unicode char U+2030 (decimal 8240)
   defining Unicode char U+2039 (decimal 8249)
   defining Unicode char U+203A (decimal 8250)
   defining Unicode char U+20AC (decimal 8364)
   defining Unicode char U+2126 (decimal 8486)
   defining Unicode char U+10144 (decimal 65860)
   defining Unicode char U+10145 (decimal 65861)
   defining Unicode char U+10146 (decimal 65862)
   defining Unicode char U+10147 (decimal 65863)
) (C:\Users\shihabsarar12\AppData\Local\Programs\MiKTeX\tex/latex/greek-fontenc\greek-fontenc.def
File: greek-fontenc.def 2023-09-12 2.5 Common Greek font encoding definitions
LaTeX Encoding Info:    Ignoring declaration for text command \accACUTE (encoding LGR) on input line 251.
LaTeX Encoding Info:    Ignoring declaration for text command \accGRAVE (encoding LGR) on input line 259.
LaTeX Encoding Info:    Ignoring declaration for text command \accTILDE (encoding LGR) on input line 267.
))
Package textgreek Info: Loaded fontmap: {eur/*/*}{U/eur/*/*} {phv/*/*}{U/psy/*/*}. on input line 69.
) (C:\Users\shihabsarar12\AppData\Local\Programs\MiKTeX\tex/latex/bbm\bbm.sty
Package: bbm 1999/03/15 V 1.2 provides fonts for set symbols - TH
LaTeX Font Info:    Overwriting math alphabet `\mathbbm' in version `bold'
(Font)                  U/bbm/m/n --> U/bbm/bx/n on input line 33.
LaTeX Font Info:    Overwriting math alphabet `\mathbbmss' in version `bold'
(Font)                  U/bbmss/m/n --> U/bbmss/bx/n on input line 35.
) (C:\Users\shihabsarar12\AppData\Local\Programs\MiKTeX\tex/latex/amsfonts\amsfonts.sty
Package: amsfonts 2013/01/14 v3.01 Basic AMSFonts support
\@emptytoks=\toks22
\symAMSa=\mathgroup4
\symAMSb=\mathgroup5
LaTeX Font Info:    Redeclaring math symbol \hbar on input line 98.
LaTeX Font Info:    Overwriting math alphabet `\mathfrak' in version `bold'
(Font)                  U/euf/m/n --> U/euf/b/n on input line 106.
) (C:\Users\shihabsarar12\AppData\Local\Programs\MiKTeX\tex/latex/amsmath\amsmath.sty
Package: amsmath 2025/07/09 v2.17z AMS math features
\@mathmargin=\skip79

For additional information on amsmath, use the `?' option.
(C:\Users\shihabsarar12\AppData\Local\Programs\MiKTeX\tex/latex/amsmath\amstext.sty
Package: amstext 2024/11/17 v2.01 AMS text
 (C:\Users\shihabsarar12\AppData\Local\Programs\MiKTeX\tex/latex/amsmath\amsgen.sty
File: amsgen.sty 1999/11/30 v2.0 generic functions
\@emptytoks=\toks23
\ex@=\dimen167
)) (C:\Users\shihabsarar12\AppData\Local\Programs\MiKTeX\tex/latex/amsmath\amsbsy.sty
Package: amsbsy 1999/11/29 v1.2d Bold Symbols
\pmbraise@=\dimen168
) (C:\Users\shihabsarar12\AppData\Local\Programs\MiKTeX\tex/latex/amsmath\amsopn.sty
Package: amsopn 2022/04/08 v2.04 operator names
)
\inf@bad=\count288
LaTeX Info: Redefining \frac on input line 233.
\uproot@=\count289
\leftroot@=\count290
LaTeX Info: Redefining \overline on input line 398.
LaTeX Info: Redefining \colon on input line 409.
\classnum@=\count291
\DOTSCASE@=\count292
LaTeX Info: Redefining \ldots on input line 495.
LaTeX Info: Redefining \dots on input line 498.
LaTeX Info: Redefining \cdots on input line 619.
\Mathstrutbox@=\box53
\strutbox@=\box54
LaTeX Info: Redefining \big on input line 721.
LaTeX Info: Redefining \Big on input line 722.
LaTeX Info: Redefining \bigg on input line 723.
LaTeX Info: Redefining \Bigg on input line 724.
\big@size=\dimen169
LaTeX Font Info:    Redeclaring font encoding OML on input line 742.
LaTeX Font Info:    Redeclaring font encoding OMS on input line 743.
\macc@depth=\count293
LaTeX Info: Redefining \bmod on input line 904.
LaTeX Info: Redefining \pmod on input line 909.
LaTeX Info: Redefining \smash on input line 939.
LaTeX Info: Redefining \relbar on input line 969.
LaTeX Info: Redefining \Relbar on input line 970.
\c@MaxMatrixCols=\count294
\dotsspace@=\muskip17
\c@parentequation=\count295
\dspbrk@lvl=\count296
\tag@help=\toks24
\row@=\count297
\column@=\count298
\maxfields@=\count299
\andhelp@=\toks25
\eqnshift@=\dimen170
\alignsep@=\dimen171
\tagshift@=\dimen172
\tagwidth@=\dimen173
\totwidth@=\dimen174
\lineht@=\dimen175
\@envbody=\toks26
\multlinegap=\skip80
\multlinetaggap=\skip81
\mathdisplay@stack=\toks27
LaTeX Info: Redefining \[ on input line 2950.
LaTeX Info: Redefining \] on input line 2951.
) (C:\Users\shihabsarar12\AppData\Local\Programs\MiKTeX\tex/latex/tools\longtable.sty
Package: longtable 2025-10-13 v4.24 Multi-page Table package (DPC)
\LTleft=\skip82
\LTright=\skip83
\LTpre=\skip84
\LTpost=\skip85
\LTchunksize=\count300
\LTcapwidth=\dimen176
\LT@head=\box55
\LT@firsthead=\box56
\LT@foot=\box57
\LT@lastfoot=\box58
\LT@gbox=\box59
\LT@cols=\count301
\LT@rows=\count302
\c@LT@tables=\count303
\c@LT@chunks=\count304
\LT@p@ftn=\toks28
) (C:\Users\shihabsarar12\AppData\Local\Programs\MiKTeX\tex/latex/booktabs\booktabs.sty
Package: booktabs 2020/01/12 v1.61803398 Publication quality tables
\heavyrulewidth=\dimen177
\lightrulewidth=\dimen178
\cmidrulewidth=\dimen179
\belowrulesep=\dimen180
\belowbottomsep=\dimen181
\aboverulesep=\dimen182
\abovetopsep=\dimen183
\cmidrulesep=\dimen184
\cmidrulekern=\dimen185
\defaultaddspace=\dimen186
\@cmidla=\count305
\@cmidlb=\count306
\@aboverulesep=\dimen187
\@belowrulesep=\dimen188
\@thisruleclass=\count307
\@lastruleclass=\count308
\@thisrulewidth=\dimen189
) (C:\Users\shihabsarar12\AppData\Local\Programs\MiKTeX\tex/latex/tools\array.sty
Package: array 2025/09/25 v2.6n Tabular extension package (FMi)
\col@sep=\dimen190
\ar@mcellbox=\box60
\extrarowheight=\dimen191
\NC@list=\toks29
\extratabsurround=\skip86
\backup@length=\skip87
\ar@cellbox=\box61
) (C:\Users\shihabsarar12\AppData\Local\Programs\MiKTeX\tex/latex/tools\tabularx.sty
Package: tabularx 2023/12/11 v2.12a `tabularx' package (DPC)
\TX@col@width=\dimen192
\TX@old@table=\dimen193
\TX@old@col=\dimen194
\TX@target=\dimen195
\TX@delta=\dimen196
\TX@cols=\count309
\TX@ftn=\toks30
) (C:\Users\shihabsarar12\AppData\Local\Programs\MiKTeX\tex/latex/graphics\rotating.sty
Package: rotating 2025/01/14 v2.16e rotated objects in LaTeX
 (C:\Users\shihabsarar12\AppData\Local\Programs\MiKTeX\tex/latex/base\ifthen.sty
Package: ifthen 2024/03/16 v1.1e Standard LaTeX ifthen package (DPC)
)
\c@r@tfl@t=\count310
\rotFPtop=\skip88
\rotFPbot=\skip89
\rot@float@box=\box62
\rot@mess@toks=\toks31
) (C:\Users\shihabsarar12\AppData\Local\Programs\MiKTeX\tex/latex/l3backend\l3backend-pdftex.def
File: l3backend-pdftex.def 2025-10-09 L3 backend support: PDF output (pdfTeX)
\l__color_backend_stack_int=\count311
) (template.aux)
\openout1 = `template.aux'.

LaTeX Font Info:    Checking defaults for OML/cmm/m/it on input line 17.
LaTeX Font Info:    ... okay on input line 17.
LaTeX Font Info:    Checking defaults for OMS/cmsy/m/n on input line 17.
LaTeX Font Info:    ... okay on input line 17.
LaTeX Font Info:    Checking defaults for OT1/cmr/m/n on input line 17.
LaTeX Font Info:    ... okay on input line 17.
LaTeX Font Info:    Checking defaults for T1/cmr/m/n on input line 17.
LaTeX Font Info:    ... okay on input line 17.
LaTeX Font Info:    Checking defaults for TS1/cmr/m/n on input line 17.
LaTeX Font Info:    ... okay on input line 17.
LaTeX Font Info:    Checking defaults for OMX/cmex/m/n on input line 17.
LaTeX Font Info:    ... okay on input line 17.
LaTeX Font Info:    Checking defaults for U/cmr/m/n on input line 17.
LaTeX Font Info:    ... okay on input line 17.
LaTeX Font Info:    Checking defaults for LGR/cmr/m/n on input line 17.
LaTeX Font Info:    Trying to load font information for LGR+cmr on input line 17.
 (C:\Users\shihabsarar12\AppData\Local\Programs\MiKTeX\tex/latex/cbfonts-fd\lgrcmr.fd
File: lgrcmr.fd 2017/07/29 v1.2 Greek European Computer Regular
)
LaTeX Font Info:    ... okay on input line 17.
 (C:\Users\shihabsarar12\AppData\Local\Programs\MiKTeX\tex/context/base/mkii\supp-pdf.mkii
[Loading MPS to PDF converter (version 2006.09.02).]
\scratchcounter=\count312
\scratchdimen=\dimen197
\scratchbox=\box63
\nofMPsegments=\count313
\nofMParguments=\count314
\everyMPshowfont=\toks32
\MPscratchCnt=\count315
\MPscratchDim=\dimen198
\MPnumerator=\count316
\makeMPintoPDFobject=\count317
\everyMPtoPDFconversion=\toks33
) (C:\Users\shihabsarar12\AppData\Local\Programs\MiKTeX\tex/latex/epstopdf-pkg\epstopdf-base.sty
Package: epstopdf-base 2020-01-24 v2.11 Base part for package epstopdf
Package epstopdf-base Info: Redefining graphics rule for `.eps' on input line 485.
 (C:\Users\shihabsarar12\AppData\Local\Programs\MiKTeX\tex/latex/00miktex\epstopdf-sys.cfg
File: epstopdf-sys.cfg 2021/03/18 v2.0 Configuration of epstopdf for MiKTeX
))
Package caption Info: Begin \AtBeginDocument code.
Package caption Info: longtable package is loaded.
 (C:\Users\shihabsarar12\AppData\Local\Programs\MiKTeX\tex/latex/caption\ltcaption.sty
Package: ltcaption 2021/01/08 v1.4c longtable captions (AR)
)
Package caption Info: rotating package is loaded.
Package caption Info: End \AtBeginDocument code.

*geometry* driver: auto-detecting
*geometry* detected driver: pdftex
*geometry* verbose mode - [ preamble ] result:
* driver: pdftex
* paper: <default>
* layout: <same size as paper>
* layoutoffset:(h,v)=(0.0pt,0.0pt)
* modes: 
* h-part:(L,W,R)=(36.135pt, 542.02501pt, 36.135pt)
* v-part:(T,H,B)=(36.135pt, 722.7pt, 36.135pt)
* \paperwidth=614.295pt
* \paperheight=794.96999pt
* \textwidth=542.02501pt
* \textheight=722.7pt
* \oddsidemargin=-36.135pt
* \evensidemargin=-36.135pt
* \topmargin=-73.135pt
* \headheight=12.0pt
* \headsep=25.0pt
* \topskip=10.0pt
* \footskip=30.0pt
* \marginparwidth=65.0pt
* \marginparsep=11.0pt
* \columnsep=10.0pt
* \skip\footins=9.0pt plus 4.0pt minus 2.0pt
* \hoffset=0.0pt
* \voffset=0.0pt
* \mag=1000
* \@twocolumnfalse
* \@twosidefalse
* \@mparswitchfalse
* \@reversemarginfalse
* (1in=72.27pt=25.4mm, 1cm=28.453pt)

LaTeX Info: Redefining \celsius on input line 17.
Package gensymb Info: Faking symbols for \degree and \celsius on input line 17.

Package gensymb Warning: Not defining \perthousand.

LaTeX Info: Redefining \ohm on input line 17.
Package gensymb Info: Using \Omega for \ohm on input line 17.

Package gensymb Warning: Not defining \micro.

<vch-logo.png, id=1, 71.0655pt x 21.1992pt>
File: vch-logo.png Graphic file (type png)
<use vch-logo.png>
Package pdftex.def Info: vch-logo.png  used on input line 77.
(pdftex.def)             Requested size: 71.13188pt x 21.21951pt.

Package fancyhdr Warning: \headheight is too small (12.0pt): 
(fancyhdr)                Make it at least 24.81955pt, for example:
(fancyhdr)                \setlength{\headheight}{24.81955pt}.
(fancyhdr)                You might also make \topmargin smaller:
(fancyhdr)                \addtolength{\topmargin}{-12.81955pt}.

[1

{C:/Users/shihabsarar12/AppData/Local/MiKTeX/fonts/map/pdftex/pdftex.map} <./vch-logo.png>]
Overfull \hbox (8.99013pt too wide) in paragraph at lines 80--81
\OT1/cmr/m/n/12 qual-ity of an EEG sig-nal is highly de-pen-dent on fac-tors like elec-trode po-si-tion-ing, skin con-duc-tance, move- 
 []

LaTeX Font Info:    Trying to load font information for U+msa on input line 94.
(C:\Users\shihabsarar12\AppData\Local\Programs\MiKTeX\tex/latex/amsfonts\umsa.fd
File: umsa.fd 2013/01/14 v3.01 AMS symbols A
)
LaTeX Font Info:    Trying to load font information for U+msb on input line 94.
 (C:\Users\shihabsarar12\AppData\Local\Programs\MiKTeX\tex/latex/amsfonts\umsb.fd
File: umsb.fd 2013/01/14 v3.01 AMS symbols B
)
File: vch-logo.png Graphic file (type png)
<use vch-logo.png>
Package pdftex.def Info: vch-logo.png  used on input line 104.
(pdftex.def)             Requested size: 71.13188pt x 21.21951pt.


Package fancyhdr Warning: \headheight is too small (12.0pt): 
(fancyhdr)                Make it at least 24.81955pt, for example:
(fancyhdr)                \setlength{\headheight}{24.81955pt}.
(fancyhdr)                You might also make \topmargin smaller:
(fancyhdr)                \addtolength{\topmargin}{-12.81955pt}.

[2]
Overfull \hbox (56.49962pt too wide) in paragraph at lines 108--111
\OT1/cmr/m/n/12 er-al-iza-tion, prac-ti-cal de-ploy-ment con-straints) is paired with con-crete strat-egy fam-i-lies (se-lec-tion/regularization, 
 []


Underfull \hbox (badness 10000) in paragraph at lines 122--122
[]\OT1/cmr/m/n/10 Table 1: |Com-par-i-son of cov-er-age across re-cent EEG emo-tion recog-ni-tion re-views. The pro-posed re-view (This Work) pro-
 []


Overfull \hbox (0.29297pt too wide) in paragraph at lines 170--171
\OT1/cmr/m/n/12 tional sys-tems that can ef-fi-ca-ciously and adap-tively re-spond to the emo-tional states of hu-mans. Notwith- 
 []

File: vch-logo.png Graphic file (type png)
<use vch-logo.png>
Package pdftex.def Info: vch-logo.png  used on input line 171.
(pdftex.def)             Requested size: 71.13188pt x 21.21951pt.

Package fancyhdr Warning: \headheight is too small (12.0pt): 
(fancyhdr)                Make it at least 24.81955pt, for example:
(fancyhdr)                \setlength{\headheight}{24.81955pt}.
(fancyhdr)                You might also make \topmargin smaller:
(fancyhdr)                \addtolength{\topmargin}{-12.81955pt}.

[3]
Overfull \hbox (3.39572pt too wide) in paragraph at lines 178--179
[]\OT1/cmr/m/n/12 Despite im-prove-ments in al-go-rithm method-ol-ogy, emo-tion recog-ni-tion ac-cu-racy is known to re-main highly 
 []


Overfull \hbox (4.86935pt too wide) in paragraph at lines 183--184
\OT1/cmr/m/n/12 Neurophysiological ac-counts of emo-tion in EEG-ER in-ter-pret emo-tional episodes as changes in dis-tributed 
 []


Overfull \hbox (0.9499pt too wide) in paragraph at lines 185--187
\OT1/cmr/m/n/12 these as-sump-tions fail|especially un-der cross-subject, cross-session, or cross-database settings|emotion- 
 []

File: vch-logo.png Graphic file (type png)
<use vch-logo.png>
Package pdftex.def Info: vch-logo.png  used on input line 187.
(pdftex.def)             Requested size: 71.13188pt x 21.21951pt.

Package fancyhdr Warning: \headheight is too small (12.0pt): 
(fancyhdr)                Make it at least 24.81955pt, for example:
(fancyhdr)                \setlength{\headheight}{24.81955pt}.
(fancyhdr)                You might also make \topmargin smaller:
(fancyhdr)                \addtolength{\topmargin}{-12.81955pt}.

[4]
Overfull \hbox (41.06061pt too wide) in paragraph at lines 188--189
[]\OT1/cmr/m/n/12 Benchmark datasets en-code these neu-ro-phys-i-o-log-i-cal as-sump-tions by pair-ing af-fec-tive stim-uli (e.g., videos/music) 
 []


Overfull \hbox (28.54413pt too wide) in paragraph at lines 195--196
\OT1/cmr/m/n/12 mod-els of DEAP data that use nat-u-ral spec-tral fea-tures like dif-fer-en-tial en-tropy maps [[]]. RNN/GRU/LSTM 
 []

File: vch-logo.png Graphic file (type png)
<use vch-logo.png>
Package pdftex.def Info: vch-logo.png  used on input line 205.
(pdftex.def)             Requested size: 71.13188pt x 21.21951pt.

Package fancyhdr Warning: \headheight is too small (12.0pt): 
(fancyhdr)                Make it at least 24.81955pt, for example:
(fancyhdr)                \setlength{\headheight}{24.81955pt}.
(fancyhdr)                You might also make \topmargin smaller:
(fancyhdr)                \addtolength{\topmargin}{-12.81955pt}.

[5]
Overfull \hbox (2.46242pt too wide) in paragraph at lines 208--209
\OT1/cmr/m/n/12 sional pre-dic-tion be-cause rat-ing scales must re-main com-pa-ra-ble while EEG dis-tri-bu-tions shift [[]]. Cross- 
 []

<pictures/Valence.png, id=33, 533.995pt x 471.7625pt>
File: pictures/Valence.png Graphic file (type png)
<use pictures/Valence.png>
Package pdftex.def Info: pictures/Valence.png  used on input line 212.
(pdftex.def)             Requested size: 271.0125pt x 239.43672pt.

Overfull \hbox (10.1568pt too wide) in paragraph at lines 217--218
[]\OT1/cmr/m/n/12 In prac-tice, con-tin-u-ous EEG-ER sys-tems of-ten dis-cretize rat-ings into two-class (high/low) or four-quadrant 
 []


Overfull \hbox (6.57487pt too wide) in paragraph at lines 219--220
\OT1/cmr/m/n/12 given the pres-ence of noise in EEG sig-nals, which re-quire sig-nal de-nois-ing and ro-bust rep-re-sen-ta-tion learn- 
 []

File: vch-logo.png Graphic file (type png)
<use vch-logo.png>
Package pdftex.def Info: vch-logo.png  used on input line 222.
(pdftex.def)             Requested size: 71.13188pt x 21.21951pt.

Package fancyhdr Warning: \headheight is too small (12.0pt): 
(fancyhdr)                Make it at least 24.81955pt, for example:
(fancyhdr)                \setlength{\headheight}{24.81955pt}.
(fancyhdr)                You might also make \topmargin smaller:
(fancyhdr)                \addtolength{\topmargin}{-12.81955pt}.

[6 <./pictures/Valence.png>]
<pictures/3D_emotion.png, id=38, 684.75826pt x 585.26656pt>
File: pictures/3D_emotion.png Graphic file (type png)
<use pictures/3D_emotion.png>
Package pdftex.def Info: pictures/3D_emotion.png  used on input line 228.
(pdftex.def)             Requested size: 325.2183pt x 277.95984pt.

Overfull \hbox (5.58458pt too wide) in paragraph at lines 233--234
\OT1/cmr/m/n/12 mem-ory rely on per-sonal emo-tion trig-gers but fall prey to per-sonal cog-ni-tive and emo-tion vari-ables; there- 
 []

File: vch-logo.png Graphic file (type png)
<use vch-logo.png>
Package pdftex.def Info: vch-logo.png  used on input line 236.
(pdftex.def)             Requested size: 71.13188pt x 21.21951pt.

Package fancyhdr Warning: \headheight is too small (12.0pt): 
(fancyhdr)                Make it at least 24.81955pt, for example:
(fancyhdr)                \setlength{\headheight}{24.81955pt}.
(fancyhdr)                You might also make \topmargin smaller:
(fancyhdr)                \addtolength{\topmargin}{-12.81955pt}.

[7 <./pictures/3D_emotion.png>]
<pictures/Human_Brain_EEG.png, id=44, 1074.0125pt x 1028.84375pt>
File: pictures/Human_Brain_EEG.png Graphic file (type png)
<use pictures/Human_Brain_EEG.png>
Package pdftex.def Info: pictures/Human_Brain_EEG.png  used on input line 244.
(pdftex.def)             Requested size: 325.2183pt x 311.5284pt.
File: vch-logo.png Graphic file (type png)
<use vch-logo.png>
Package pdftex.def Info: vch-logo.png  used on input line 252.
(pdftex.def)             Requested size: 71.13188pt x 21.21951pt.


Package fancyhdr Warning: \headheight is too small (12.0pt): 
(fancyhdr)                Make it at least 24.81955pt, for example:
(fancyhdr)                \setlength{\headheight}{24.81955pt}.
(fancyhdr)                You might also make \topmargin smaller:
(fancyhdr)                \addtolength{\topmargin}{-12.81955pt}.

[8]
<pictures/Bands.png, id=48, 859.2903pt x 642.4803pt>
File: pictures/Bands.png Graphic file (type png)
<use pictures/Bands.png>
Package pdftex.def Info: pictures/Bands.png  used on input line 274.
(pdftex.def)             Requested size: 379.41585pt x 283.68234pt.
File: vch-logo.png Graphic file (type png)
<use vch-logo.png>
Package pdftex.def Info: vch-logo.png  used on input line 282.
(pdftex.def)             Requested size: 71.13188pt x 21.21951pt.


Package fancyhdr Warning: \headheight is too small (12.0pt): 
(fancyhdr)                Make it at least 24.81955pt, for example:
(fancyhdr)                \setlength{\headheight}{24.81955pt}.
(fancyhdr)                You might also make \topmargin smaller:
(fancyhdr)                \addtolength{\topmargin}{-12.81955pt}.

[9 <./pictures/Human_Brain_EEG.png>]
Overfull \hbox (2.23187pt too wide) in paragraph at lines 282--283
\OT1/cmr/m/n/12 Ex-ter-nal be-hav-ioral re-sponses mainly fo-cus on ac-tual emo-tional re-sponses. EEG fo-cuses on in-ter-nal brain 
 []


Overfull \hbox (3.26517pt too wide) in paragraph at lines 288--289
[]\OT1/cmr/m/n/12 Proposals for in-ter-me-di-ate fu-sion meth-ods have been de-vel-oped by Shin et al., [[]] in which asyn-chronous 
 []

File: vch-logo.png Graphic file (type png)
<use vch-logo.png>
Package pdftex.def Info: vch-logo.png  used on input line 291.
(pdftex.def)             Requested size: 71.13188pt x 21.21951pt.

Package fancyhdr Warning: \headheight is too small (12.0pt): 
(fancyhdr)                Make it at least 24.81955pt, for example:
(fancyhdr)                \setlength{\headheight}{24.81955pt}.
(fancyhdr)                You might also make \topmargin smaller:
(fancyhdr)                \addtolength{\topmargin}{-12.81955pt}.

[10 <./pictures/Bands.png>]
<pictures/Modalities.png, id=58, 834.11626pt x 465.74pt>
File: pictures/Modalities.png Graphic file (type png)
<use pictures/Modalities.png>
Package pdftex.def Info: pictures/Modalities.png  used on input line 294.
(pdftex.def)             Requested size: 406.51875pt x 226.98515pt.

Overfull \hbox (3.8221pt too wide) in paragraph at lines 299--300
\OT1/cmr/m/n/12 attention-based mod-els for mul-ti-modal fu-sion that have im-proved out-comes but are fac-ing is-sues of model 
 []

File: vch-logo.png Graphic file (type png)
<use vch-logo.png>
Package pdftex.def Info: vch-logo.png  used on input line 304.
(pdftex.def)             Requested size: 71.13188pt x 21.21951pt.

Package fancyhdr Warning: \headheight is too small (12.0pt): 
(fancyhdr)                Make it at least 24.81955pt, for example:
(fancyhdr)                \setlength{\headheight}{24.81955pt}.
(fancyhdr)                You might also make \topmargin smaller:
(fancyhdr)                \addtolength{\topmargin}{-12.81955pt}.

[11 <./pictures/Modalities.png>]
Overfull \hbox (8.95541pt too wide) in paragraph at lines 310--311
\OT1/cmr/m/n/12 ef-fi-cient EEG-based emo-tion recog-ni-tion sys-tems. For ex-am-ple, fre-quency bands such as al-pha have proved 
 []


Overfull \hbox (7.2165pt too wide) in paragraph at lines 310--311
\OT1/cmr/m/n/12 deemed ef-fi-cient for ro-bust fea-ture se-lec-tion for subject-dependent and subject-independent emo-tion recog- 
 []


Overfull \hbox (2.186pt too wide) in paragraph at lines 312--313
\OT1/cmr/m/n/12 con-trol par-al-lels the in-volve-ment of arousal-related emo-tional reg-u-la-tion [[]]. In ad-di-tion, delta and theta 
 []


Overfull \hbox (3.29572pt too wide) in paragraph at lines 316--318
\OT1/cmr/m/n/12 quency bands and ad-di-tional dis-crim-i-na-tive in-for-ma-tion from al-pha and beta fre-quency bands. In a study 
 []

File: vch-logo.png Graphic file (type png)
<use vch-logo.png>
Package pdftex.def Info: vch-logo.png  used on input line 318.
(pdftex.def)             Requested size: 71.13188pt x 21.21951pt.

Package fancyhdr Warning: \headheight is too small (12.0pt): 
(fancyhdr)                Make it at least 24.81955pt, for example:
(fancyhdr)                \setlength{\headheight}{24.81955pt}.
(fancyhdr)                You might also make \topmargin smaller:
(fancyhdr)                \addtolength{\topmargin}{-12.81955pt}.

[12]
File: vch-logo.png Graphic file (type png)
<use vch-logo.png>
Package pdftex.def Info: vch-logo.png  used on input line 328.
(pdftex.def)             Requested size: 71.13188pt x 21.21951pt.


Package fancyhdr Warning: \headheight is too small (12.0pt): 
(fancyhdr)                Make it at least 24.81955pt, for example:
(fancyhdr)                \setlength{\headheight}{24.81955pt}.
(fancyhdr)                You might also make \topmargin smaller:
(fancyhdr)                \addtolength{\topmargin}{-12.81955pt}.

[13]
Overfull \hbox (4.62303pt too wide) in paragraph at lines 333--334
\OT1/cmr/m/n/12 delta ($\OML/cmm/m/it/12 ^^N$\OT1/cmr/m/n/12 ), theta ($\OML/cmm/m/it/12 ^^R$\OT1/cmr/m/n/12 ), al-pha ($\OML/cmm/m/it/12 $\OT1/cmr/m/n/12 ), beta ($\OML/cmm/m/it/12 ^^L$\OT1/cmr/m/n/12 ), and gamma ($\OML/cmm/m/it/12 ^^M$\OT1/cmr/m/n/12 ). How-ever, these ef-fects can very eas-ily get buried 
 []


Overfull \hbox (9.76231pt too wide) in paragraph at lines 333--334
\OT1/cmr/m/n/12 un-der un-wanted ef-fects caused by low-frequency drifts (such as skin po-ten-tials or sweat-ing), high-frequency 
 []


Overfull \hbox (0.16658pt too wide) in paragraph at lines 347--348
\OT1/cmr/m/n/12 cer-tain com-po-nents of the sig-nal, elim-i-nat-ing im-por-tant brain ac-tiv-ity, as well as the com-pu-ta-tional costs 
 []

File: vch-logo.png Graphic file (type png)
<use vch-logo.png>
Package pdftex.def Info: vch-logo.png  used on input line 348.
(pdftex.def)             Requested size: 71.13188pt x 21.21951pt.

Package fancyhdr Warning: \headheight is too small (12.0pt): 
(fancyhdr)                Make it at least 24.81955pt, for example:
(fancyhdr)                \setlength{\headheight}{24.81955pt}.
(fancyhdr)                You might also make \topmargin smaller:
(fancyhdr)                \addtolength{\topmargin}{-12.81955pt}.

[14]
File: vch-logo.png Graphic file (type png)
<use vch-logo.png>
Package pdftex.def Info: vch-logo.png  used on input line 366.
(pdftex.def)             Requested size: 71.13188pt x 21.21951pt.


Package fancyhdr Warning: \headheight is too small (12.0pt): 
(fancyhdr)                Make it at least 24.81955pt, for example:
(fancyhdr)                \setlength{\headheight}{24.81955pt}.
(fancyhdr)                You might also make \topmargin smaller:
(fancyhdr)                \addtolength{\topmargin}{-12.81955pt}.

[15]
Overfull \hbox (59.99171pt too wide) in alignment at lines 380--387
 [] [] [] [] [] [] 
 []


Overfull \hbox (59.99171pt too wide) in alignment at lines 387--393
 [] [] [] [] [] [] 
 []


Overfull \hbox (59.99171pt too wide) in alignment at lines 393--397
 [] [] [] [] [] [] 
 []


Overfull \hbox (59.99171pt too wide) in alignment at lines 397--400
 [] [] [] [] [] [] 
 []


Overfull \hbox (59.99171pt too wide) in alignment at lines 400--420
 [] [] [] [] [] [] 
 []


Overfull \hbox (16.60808pt too wide) in paragraph at lines 426--427
\OT1/cmr/m/n/12 at-tempt to merge the sep-a-ra-tion com-po-nent of ICA with the time-frequency de-nois-ing ca-pa-bil-ity of wavelets 
 []

File: vch-logo.png Graphic file (type png)
<use vch-logo.png>
Package pdftex.def Info: vch-logo.png  used on input line 427.
(pdftex.def)             Requested size: 71.13188pt x 21.21951pt.

Package fancyhdr Warning: \headheight is too small (12.0pt): 
(fancyhdr)                Make it at least 24.81955pt, for example:
(fancyhdr)                \setlength{\headheight}{24.81955pt}.
(fancyhdr)                You might also make \topmargin smaller:
(fancyhdr)                \addtolength{\topmargin}{-12.81955pt}.

[16]
Overfull \hbox (5.18497pt too wide) in paragraph at lines 433--434
\OT1/cmr/m/n/12 pute 2D or 3D ob-jects, such as chan-nel $\OMS/cmsy/m/n/12 ^^B$ \OT1/cmr/m/n/12 time, chan-nel $\OMS/cmsy/m/n/12 ^^B$ \OT1/cmr/m/n/12 fre-quency, or time $\OMS/cmsy/m/n/12 ^^B$ \OT1/cmr/m/n/12 fre-quency maps per chan- 
 []


Overfull \hbox (2.19017pt too wide) in paragraph at lines 433--434
\OT1/cmr/m/n/12 as a uni-fied en-tity, elim-i-nat-ing the need for inter-domain fu-sion and en-abling end-to-end learn-ing of inter- 
 []


Overfull \hbox (19.74971pt too wide) in paragraph at lines 435--436
[]\OT1/cmr/m/n/12 Sequential fea-ture con-struc-tion is also com-mon due to the tem-po-ral na-ture of emo-tional re-sponses.Sequential 
 []


Overfull \hbox (19.81082pt too wide) in paragraph at lines 437--438
[]\OT1/cmr/m/n/12 Moreover, transformer-aided fea-ture con-struc-tion can fa-cil-i-tate cross-domain fea-tures, as it does in attention- 
 []


Overfull \hbox (8.84843pt too wide) in paragraph at lines 440--441
\OT1/cmr/m/n/12 used, which are de-rived from the pre-pro-cessed sig-nals. Some of the com-monly used fea-tures, such as power 
 []


Overfull \hbox (0.42769pt too wide) in paragraph at lines 440--441
\OT1/cmr/m/n/12 in the sig-nal in the re-spec-tive bands. The con-cept of dif-fer-en-tial en-tropy is re-lated to power spec-tral den- 
 []


Overfull \hbox (3.32631pt too wide) in paragraph at lines 440--441
\OT1/cmr/m/n/12 sity, but when we con-sider a Gaus-sian dis-tri-bu-tion of the EEG sig-nal am-pli-tude in a short pe-riod of time, 
 []

File: vch-logo.png Graphic file (type png)
<use vch-logo.png>
Package pdftex.def Info: vch-logo.png  used on input line 441.
(pdftex.def)             Requested size: 71.13188pt x 21.21951pt.

Package fancyhdr Warning: \headheight is too small (12.0pt): 
(fancyhdr)                Make it at least 24.81955pt, for example:
(fancyhdr)                \setlength{\headheight}{24.81955pt}.
(fancyhdr)                You might also make \topmargin smaller:
(fancyhdr)                \addtolength{\topmargin}{-12.81955pt}.

[17]
Overfull \hbox (7.28178pt too wide) in paragraph at lines 446--447
\OT1/cmr/m/n/12 to be ex-tracted from var-i-ous bands of brain sig-nals, in-clud-ing delta, theta, al-pha, beta, and gamma bands. 
 []

File: vch-logo.png Graphic file (type png)
<use vch-logo.png>
Package pdftex.def Info: vch-logo.png  used on input line 452.
(pdftex.def)             Requested size: 71.13188pt x 21.21951pt.

Package fancyhdr Warning: \headheight is too small (12.0pt): 
(fancyhdr)                Make it at least 24.81955pt, for example:
(fancyhdr)                \setlength{\headheight}{24.81955pt}.
(fancyhdr)                You might also make \topmargin smaller:
(fancyhdr)                \addtolength{\topmargin}{-12.81955pt}.

[18]
<pictures/tem_freq_spa.png, id=89, 980.463pt x 400.97804pt>
File: pictures/tem_freq_spa.png Graphic file (type png)
<use pictures/tem_freq_spa.png>
Package pdftex.def Info: pictures/tem_freq_spa.png  used on input line 463.
(pdftex.def)             Requested size: 542.02501pt x 221.6705pt.
File: vch-logo.png Graphic file (type png)
<use vch-logo.png>
Package pdftex.def Info: vch-logo.png  used on input line 471.
(pdftex.def)             Requested size: 71.13188pt x 21.21951pt.


Package fancyhdr Warning: \headheight is too small (12.0pt): 
(fancyhdr)                Make it at least 24.81955pt, for example:
(fancyhdr)                \setlength{\headheight}{24.81955pt}.
(fancyhdr)                You might also make \topmargin smaller:
(fancyhdr)                \addtolength{\topmargin}{-12.81955pt}.

[19 <./pictures/tem_freq_spa.png>]
Overfull \hbox (9.09499pt too wide) in paragraph at lines 480--481
 \OT1/cmr/bx/n/10 Fre-quency Do-main Fea-tures:[] \OT1/cmr/m/n/12 The fea-tures iden-ti-fied by the fre-quency do-main have proven to be a promis- 
 []


Overfull \hbox (5.68042pt too wide) in paragraph at lines 484--485
\OT1/cmr/m/n/12 such as the STFT, al-low-ing deep learn-ing mod-els to ef-fec-tively learn the rel-a-tive con-tri-bu-tion of fre-quency 
 []

File: vch-logo.png Graphic file (type png)
<use vch-logo.png>
Package pdftex.def Info: vch-logo.png  used on input line 485.
(pdftex.def)             Requested size: 71.13188pt x 21.21951pt.

Package fancyhdr Warning: \headheight is too small (12.0pt): 
(fancyhdr)                Make it at least 24.81955pt, for example:
(fancyhdr)                \setlength{\headheight}{24.81955pt}.
(fancyhdr)                You might also make \topmargin smaller:
(fancyhdr)                \addtolength{\topmargin}{-12.81955pt}.

[20]
Overfull \hbox (3.75266pt too wide) in paragraph at lines 494--495
[]\OT1/cmr/m/n/12 In prac-tice, the anal-y-sis of the elec-tri-cal sig-nals in the fre-quency do-main is achieved through var-i-ous tech- 
 []


Overfull \hbox (1.5638pt too wide) in paragraph at lines 496--497
[]\OT1/cmr/m/n/12 Recently, var-i-ous mod-el-ing tech-niques have adopted fre-quency do-main fea-tures in dif-fer-ent ways. In some 
 []


Overfull \hbox (0.29297pt too wide) in paragraph at lines 498--499
\OT1/cmr/m/n/12 win-dow-ing tech-niques em-ployed in the mod-els. In ad-di-tion, mod-els that have adopted fre-quency domain- 
 []


Overfull \hbox (13.28311pt too wide) in paragraph at lines 498--499
\OT1/cmr/m/n/12 with vary-ing fre-quency do-main pat-terns. Nonethe-less, fre-quency domain-based fea-tures have shown promis- 
 []

File: vch-logo.png Graphic file (type png)
<use vch-logo.png>
Package pdftex.def Info: vch-logo.png  used on input line 502.
(pdftex.def)             Requested size: 71.13188pt x 21.21951pt.

Package fancyhdr Warning: \headheight is too small (12.0pt): 
(fancyhdr)                Make it at least 24.81955pt, for example:
(fancyhdr)                \setlength{\headheight}{24.81955pt}.
(fancyhdr)                You might also make \topmargin smaller:
(fancyhdr)                \addtolength{\topmargin}{-12.81955pt}.

[21]
Overfull \hbox (59.99168pt too wide) in alignment at lines 521--528
 [] [] [] [] [] [] 
 []


Overfull \hbox (59.99168pt too wide) in alignment at lines 528--534
 [] [] [] [] [] [] 
 []


Overfull \hbox (59.99168pt too wide) in alignment at lines 534--538
 [] [] [] [] [] [] 
 []


Overfull \hbox (59.99168pt too wide) in alignment at lines 538--541
 [] [] [] [] [] [] 
 []


Overfull \hbox (59.99168pt too wide) in alignment at lines 541--586
 [] [] [] [] [] [] 
 []

d:/VS Code/Deep Learning/EEG Signal/EEG_Review_Paper/template.tex:586: ignored: Infinite glue shrinkage found in box being split
File: vch-logo.png Graphic file (type png)
<use vch-logo.png>
Package pdftex.def Info: vch-logo.png  used on input line 586.
(pdftex.def)             Requested size: 71.13188pt x 21.21951pt.


Package fancyhdr Warning: \headheight is too small (12.0pt): 
(fancyhdr)                Make it at least 24.81955pt, for example:
(fancyhdr)                \setlength{\headheight}{24.81955pt}.
(fancyhdr)                You might also make \topmargin smaller:
(fancyhdr)                \addtolength{\topmargin}{-12.81955pt}.

[22]
File: vch-logo.png Graphic file (type png)
<use vch-logo.png>
Package pdftex.def Info: vch-logo.png  used on input line 590.
(pdftex.def)             Requested size: 71.13188pt x 21.21951pt.


Package fancyhdr Warning: \headheight is too small (12.0pt): 
(fancyhdr)                Make it at least 24.81955pt, for example:
(fancyhdr)                \setlength{\headheight}{24.81955pt}.
(fancyhdr)                You might also make \topmargin smaller:
(fancyhdr)                \addtolength{\topmargin}{-12.81955pt}.

[23]
Overfull \hbox (23.21637pt too wide) in paragraph at lines 597--598
\OT1/cmr/m/n/12 In emo-tion recog-ni-tion datasets us-ing elec-troen-cephalo-gram (EEG) sig-nals, datasets con-tain high-dimensional 
 []


Overfull \hbox (4.86653pt too wide) in paragraph at lines 604--605
\OT1/cmr/m/n/12 meth-ods such as se-quen-tial for-ward search or float-ing search, al-low-ing for a larger, more ex-haus-tive search 
 []

File: vch-logo.png Graphic file (type png)
<use vch-logo.png>
Package pdftex.def Info: vch-logo.png  used on input line 605.
(pdftex.def)             Requested size: 71.13188pt x 21.21951pt.

Package fancyhdr Warning: \headheight is too small (12.0pt): 
(fancyhdr)                Make it at least 24.81955pt, for example:
(fancyhdr)                \setlength{\headheight}{24.81955pt}.
(fancyhdr)                You might also make \topmargin smaller:
(fancyhdr)                \addtolength{\topmargin}{-12.81955pt}.

[24]
Overfull \hbox (59.9917pt too wide) in alignment at lines 628--635
 [] [] [] [] [] [] 
 []


Overfull \hbox (59.9917pt too wide) in alignment at lines 635--641
 [] [] [] [] [] [] 
 []


Overfull \hbox (59.9917pt too wide) in alignment at lines 641--645
 [] [] [] [] [] [] 
 []


Overfull \hbox (59.9917pt too wide) in alignment at lines 645--648
 [] [] [] [] [] [] 
 []


Overfull \hbox (59.9917pt too wide) in alignment at lines 648--678
 [] [] [] [] [] [] 
 []

File: vch-logo.png Graphic file (type png)
<use vch-logo.png>
Package pdftex.def Info: vch-logo.png  used on input line 678.
(pdftex.def)             Requested size: 71.13188pt x 21.21951pt.

Package fancyhdr Warning: \headheight is too small (12.0pt): 
(fancyhdr)                Make it at least 24.81955pt, for example:
(fancyhdr)                \setlength{\headheight}{24.81955pt}.
(fancyhdr)                You might also make \topmargin smaller:
(fancyhdr)                \addtolength{\topmargin}{-12.81955pt}.

[25]
File: vch-logo.png Graphic file (type png)
<use vch-logo.png>
Package pdftex.def Info: vch-logo.png  used on input line 684.
(pdftex.def)             Requested size: 71.13188pt x 21.21951pt.


Package fancyhdr Warning: \headheight is too small (12.0pt): 
(fancyhdr)                Make it at least 24.81955pt, for example:
(fancyhdr)                \setlength{\headheight}{24.81955pt}.
(fancyhdr)                You might also make \topmargin smaller:
(fancyhdr)                \addtolength{\topmargin}{-12.81955pt}.

[26]
<pictures/Method Overview.png, id=120, 2250.4075pt x 612.2875pt>
File: pictures/Method Overview.png Graphic file (type png)
<use pictures/Method Overview.png>
Package pdftex.def Info: pictures/Method Overview.png  used on input line 687.
(pdftex.def)             Requested size: 542.02501pt x 147.46585pt.

Overfull \hbox (0.5888pt too wide) in paragraph at lines 698--699
\OT1/cmr/m/n/12 pe-nal-ize pair-wise over-lap. For ex-am-ple, orthogonal-regression-based for-mu-la-tions in-cor-po-rate re-dun-dancy 
 []

File: vch-logo.png Graphic file (type png)
<use vch-logo.png>
Package pdftex.def Info: vch-logo.png  used on input line 702.
(pdftex.def)             Requested size: 71.13188pt x 21.21951pt.

Package fancyhdr Warning: \headheight is too small (12.0pt): 
(fancyhdr)                Make it at least 24.81955pt, for example:
(fancyhdr)                \setlength{\headheight}{24.81955pt}.
(fancyhdr)                You might also make \topmargin smaller:
(fancyhdr)                \addtolength{\topmargin}{-12.81955pt}.

[27 <./pictures/Method Overview.png>]
Overfull \hbox (5.20682pt too wide) in paragraph at lines 706--707
[]\OT1/cmr/m/n/12 Decomposition-driven aug-men-ta-tion is one es-tab-lished ap-proach. In-de-pen-dent Com-po-nent Anal-y-sis (ICA) 
 []

File: vch-logo.png Graphic file (type png)
<use vch-logo.png>
Package pdftex.def Info: vch-logo.png  used on input line 730.
(pdftex.def)             Requested size: 71.13188pt x 21.21951pt.

Package fancyhdr Warning: \headheight is too small (12.0pt): 
(fancyhdr)                Make it at least 24.81955pt, for example:
(fancyhdr)                \setlength{\headheight}{24.81955pt}.
(fancyhdr)                You might also make \topmargin smaller:
(fancyhdr)                \addtolength{\topmargin}{-12.81955pt}.

[28]
Overfull \hbox (1.62263pt too wide) in paragraph at lines 731--732
\OT1/cmr/m/n/12 only de-ploy-ments and can in-crease sen-sor/setup com-plex-ity. Ding \OT1/cmr/m/it/12 et al. \OT1/cmr/m/n/12 [[]] did subject-dependent emo- 
 []


Overfull \hbox (10.47455pt too wide) in paragraph at lines 731--732
\OT1/cmr/m/n/12 (TS-cep-tion) un-der \OT1/cmr/m/it/12 trial-wise \OT1/cmr/m/n/12 eval-u-a-tion to re-duce leak-age, with the re-sult be-ing \OT1/cmr/bx/n/12 63.75% \OT1/cmr/m/n/12 arousal / \OT1/cmr/bx/n/12 62.27% 
 []


Overfull \hbox (0.7647pt too wide) in paragraph at lines 731--732
\OT1/cmr/m/n/12 va-lence ac-cu-racy un-der leave-one-trial-out on DEAP (and \OT1/cmr/bx/n/12 61.57% \OT1/cmr/m/n/12 arousal / \OT1/cmr/bx/n/12 59.14% \OT1/cmr/m/n/12 va-lence un-der trial- 
 []


Overfull \hbox (9.40427pt too wide) in paragraph at lines 731--732
\OT1/cmr/m/n/12 did subject-dependent recog-ni-tion by com-bin-ing \OT1/cmr/m/it/12 depth-wise con-vo-lu-tion \OT1/cmr/m/n/12 with \OT1/cmr/m/it/12 Trans-former en-coders \OT1/cmr/m/n/12 (DCoT) 
 []


Overfull \hbox (17.46944pt too wide) in paragraph at lines 731--732
\OT1/cmr/m/n/12 ity (ERT-Net), with the re-sult be-ing \OT1/cmr/bx/n/12 74.23%$\OMS/cmsy/m/n/12 ^^F$\OT1/cmr/bx/n/12 2.59 \OT1/cmr/m/n/12 ac-cu-racy and \OT1/cmr/bx/n/12 AUC=0.93 \OT1/cmr/m/n/12 on DEAP and \OT1/cmr/bx/n/12 67.17%$\OMS/cmsy/m/n/12 ^^F$\OT1/cmr/bx/n/12 1.70 
 []


Overfull \hbox (0.42769pt too wide) in paragraph at lines 731--732
\OT1/cmr/m/n/12 band-wise in-puts and graph con-struc-tion choices that may not trans-fer cleanly across datasets/montages. 
 []


Overfull \hbox (5.4784pt too wide) in paragraph at lines 737--739
\OT1/cmr/m/n/12 where $\OMS/cmsy/m/n/12 D[]$ \OT1/cmr/m/n/12 is the within-subject train-ing sub-set for sub-ject $\OML/cmm/m/it/12 u$\OT1/cmr/m/n/12 , $\OML/cmm/m/it/12 f[]$ \OT1/cmr/m/n/12 is a subject-specific model (or a shared 
 []

File: vch-logo.png Graphic file (type png)
<use vch-logo.png>
Package pdftex.def Info: vch-logo.png  used on input line 740.
(pdftex.def)             Requested size: 71.13188pt x 21.21951pt.

Package fancyhdr Warning: \headheight is too small (12.0pt): 
(fancyhdr)                Make it at least 24.81955pt, for example:
(fancyhdr)                \setlength{\headheight}{24.81955pt}.
(fancyhdr)                You might also make \topmargin smaller:
(fancyhdr)                \addtolength{\topmargin}{-12.81955pt}.

[29]
Overfull \hbox (0.91576pt too wide) in paragraph at lines 740--741
\OT1/cmr/m/it/12 tings \OT1/cmr/m/n/12 are typ-i-cally spec-tro-gram+CNN pipelines (e.g., EEG-ConvNet and fine-tuned GoogLeNet/ResNet), 
 []


Overfull \hbox (1.92906pt too wide) in paragraph at lines 792--793
\OT1/cmr/m/n/12 highly in-di-vid-u-al-ized, both marginal fea-ture dis-tri-bu-tions and class-conditional struc-tures can drift across 
 []

File: vch-logo.png Graphic file (type png)
<use vch-logo.png>
Package pdftex.def Info: vch-logo.png  used on input line 798.
(pdftex.def)             Requested size: 71.13188pt x 21.21951pt.

Package fancyhdr Warning: \headheight is too small (12.0pt): 
(fancyhdr)                Make it at least 24.81955pt, for example:
(fancyhdr)                \setlength{\headheight}{24.81955pt}.
(fancyhdr)                You might also make \topmargin smaller:
(fancyhdr)                \addtolength{\topmargin}{-12.81955pt}.

[30]
Overfull \hbox (11.85011pt too wide) in paragraph at lines 802--804
[][][]$ \OT1/cmr/m/n/12 and (of-ten un-la-beled) tar-get data $\OMS/cmsy/m/n/12 D\OML/cmm/m/it/12 t \OT1/cmr/m/n/12 = [][][]$, do-main shift im-plies $\OML/cmm/m/it/12 P[]\OT1/cmr/m/n/12 (\OML/cmm/m/it/12 X; Y\OT1/cmr/m/n/12 ) \OMS/cmsy/m/n/12 6\OT1/cmr/m/n/12 = \OML/cmm/m/it/12 P[]\OT1/cmr/m/n/12 (\OML/cmm/m/it/12 X; Y\OT1/cmr/m/n/12 )$, 
 []


Overfull \hbox (6.36752pt too wide) in paragraph at lines 802--804
\OT1/cmr/m/n/12 gates these ef-fects by in-cor-po-rat-ing an \OT1/cmr/m/it/12 align-ment \OT1/cmr/m/n/12 term into train-ing so that fea-tures ex-tracted from source 
 []


Overfull \hbox (5.09958pt too wide) in paragraph at lines 810--811
\OT1/cmr/m/n/12 emo-tion recog-ni-tion, us-ing a shared ex-trac-tor for domain-invariant fea-tures plus \OT1/cmr/m/it/12 mul-ti-ple one-to-one adap- 
 []


Overfull \hbox (0.88463pt too wide) in paragraph at lines 810--811
\OT1/cmr/m/n/12 plex-ity and de-pends on sta-ble nor-mal-iza-tion choices across do-mains [[]]. To re-duce the adap-ta-tion cost, 
 []


Overfull \hbox (12.76506pt too wide) in paragraph at lines 812--813
\OT1/cmr/m/n/12 lim-i-ta-tions in-clude com-pu-ta-tional cost and the need for sta-ble graph con-struc-tion across datasets/montages 
 []

File: vch-logo.png Graphic file (type png)
<use vch-logo.png>
Package pdftex.def Info: vch-logo.png  used on input line 813.
(pdftex.def)             Requested size: 71.13188pt x 21.21951pt.

Package fancyhdr Warning: \headheight is too small (12.0pt): 
(fancyhdr)                Make it at least 24.81955pt, for example:
(fancyhdr)                \setlength{\headheight}{24.81955pt}.
(fancyhdr)                You might also make \topmargin smaller:
(fancyhdr)                \addtolength{\topmargin}{-12.81955pt}.

[31]
Overfull \hbox (9.31097pt too wide) in paragraph at lines 815--816
\OT1/cmr/m/n/12 Dis-crep-ancy (MMD) and Cor-re-la-tion Align-ment (CORAL). By align-ing fea-ture rep-re-sen-ta-tions in a shared 
 []


Overfull \hbox (17.34761pt too wide) in paragraph at lines 821--822
 \OT1/cmr/bx/n/10 Adversarial-Based Meth-ods[] \OT1/cmr/m/n/12 Ad-ver-sar-ial do-main adap-ta-tion (DA) ap-proaches aim to learn domain-invariant 
 []


Overfull \hbox (3.88737pt too wide) in paragraph at lines 821--822
\OT1/cmr/m/n/12 gate cross-subject and cross-session vari-abil-ity, which of-ten causes sig-nif-i-cant do-main shifts be-tween train- 
 []

File: vch-logo.png Graphic file (type png)
<use vch-logo.png>
Package pdftex.def Info: vch-logo.png  used on input line 823.
(pdftex.def)             Requested size: 71.13188pt x 21.21951pt.

Package fancyhdr Warning: \headheight is too small (12.0pt): 
(fancyhdr)                Make it at least 24.81955pt, for example:
(fancyhdr)                \setlength{\headheight}{24.81955pt}.
(fancyhdr)                You might also make \topmargin smaller:
(fancyhdr)                \addtolength{\topmargin}{-12.81955pt}.

[32]
Overfull \hbox (7.59622pt too wide) in paragraph at lines 823--824
[]\OT1/cmr/m/n/12 Adversarial DA uses a do-main dis-crim-i-na-tor to en-force in-vari-ance. Jin \OT1/cmr/m/it/12 et al. \OT1/cmr/m/n/12 [[]] did EEG emo-tion recog- 
 []


Overfull \hbox (5.70036pt too wide) in paragraph at lines 823--824
\OT1/cmr/m/n/12 struc-tion and at-ten-tion mod-ules raise com-pu-ta-tion and sen-si-tiv-ity to mon-tage mis-match. Yang \OT1/cmr/m/it/12 et al. \OT1/cmr/m/n/12 [[]] 
 []


Overfull \hbox (2.88538pt too wide) detected at line 833
[]
 []


Overfull \hbox (10.9512pt too wide) in paragraph at lines 833--835
\OT1/cmr/m/n/12 tained [[], []]. In prac-tice, strong DANN-style align-ment is of-ten paired with nor-mal-iza-tion/discrepancy 
 []


Overfull \hbox (1.99434pt too wide) in paragraph at lines 836--837
\OT1/cmr/m/n/12 by train-ing a fea-ture ex-trac-tor to con-fuse a do-main dis-crim-i-na-tor while pre-serv-ing emotion-discriminative 
 []


Overfull \hbox (5.40454pt too wide) in paragraph at lines 841--842
\OT1/cmr/m/it/12 et al. \OT1/cmr/m/n/12 [[]] did class-aware DA by joint fea-ture adap-ta-tion and graph adap-tive la-bel prop-a-ga-tion for cross- 
 []


Overfull \hbox (3.29988pt too wide) in paragraph at lines 841--842
\OT1/cmr/m/n/12 tions; lim-i-ta-tion: la-bel prop-a-ga-tion can am-plify early pseudo-label noise if tar-get con-fi-dence is poor. Shen 
 []

File: vch-logo.png Graphic file (type png)
<use vch-logo.png>
Package pdftex.def Info: vch-logo.png  used on input line 843.
(pdftex.def)             Requested size: 71.13188pt x 21.21951pt.

Package fancyhdr Warning: \headheight is too small (12.0pt): 
(fancyhdr)                Make it at least 24.81955pt, for example:
(fancyhdr)                \setlength{\headheight}{24.81955pt}.
(fancyhdr)                You might also make \topmargin smaller:
(fancyhdr)                \addtolength{\topmargin}{-12.81955pt}.

[33]
Overfull \hbox (9.32349pt too wide) in paragraph at lines 855--856
\OT1/cmr/m/n/12 abil-ity in EEG still lim-its gen-er-al-iza-tion per-for-mance . Wang et al. [[]] stud-ied EEG-based emo-tion recog- 
 []


Overfull \hbox (1.79851pt too wide) in paragraph at lines 855--856
\OT1/cmr/m/n/12 ni-tion us-ing tem-po-ral, spa-tial, and frequency-domain fea-ture learn-ing tech-niques to im-prove cross-subject 
 []


Overfull \hbox (1.40685pt too wide) in paragraph at lines 855--856
\OT1/cmr/m/n/12 nals, but these mod-els of-ten over-fit to subject-specific pat-terns and strug-gle to gen-er-al-ize across do-mains.  
 []


Overfull \hbox (3.81793pt too wide) in paragraph at lines 857--858
\OT1/cmr/m/n/12 subject-specific bias. In-vari-ant rep-re-sen-ta-tion learn-ing works well when mul-ti-ple source do-mains are avail- 
 []

File: vch-logo.png Graphic file (type png)
<use vch-logo.png>
Package pdftex.def Info: vch-logo.png  used on input line 867.
(pdftex.def)             Requested size: 71.13188pt x 21.21951pt.

Package fancyhdr Warning: \headheight is too small (12.0pt): 
(fancyhdr)                Make it at least 24.81955pt, for example:
(fancyhdr)                \setlength{\headheight}{24.81955pt}.
(fancyhdr)                You might also make \topmargin smaller:
(fancyhdr)                \addtolength{\topmargin}{-12.81955pt}.

[34]
Overfull \hbox (8.83972pt too wide) in paragraph at lines 867--869
\OT1/cmr/m/n/12 tion is im-per-fect. Lu \OT1/cmr/m/it/12 et al. \OT1/cmr/m/n/12 [[]] did hy-brid fine-tuning and DA in DFF-Net and re-ported \OT1/cmr/bx/n/12 93.37% \OT1/cmr/m/n/12 (SEED) 
 []


Overfull \hbox (3.96379pt too wide) in paragraph at lines 872--873
[]\OT1/cmr/m/n/12 Overall, fine-tuning strate-gies re-main an ef-fec-tive mech-a-nism for adapt-ing pre-trained EEG emo-tion recog- 
 []


Overfull \hbox (21.1858pt too wide) in paragraph at lines 872--873
\OT1/cmr/m/n/12 com-bin-ing fine-tuning with multi-source trans-fer, do-main adap-ta-tion, or large-scale pre-train-ing have achieved 
 []

File: vch-logo.png Graphic file (type png)
<use vch-logo.png>
Package pdftex.def Info: vch-logo.png  used on input line 881.
(pdftex.def)             Requested size: 71.13188pt x 21.21951pt.

Package fancyhdr Warning: \headheight is too small (12.0pt): 
(fancyhdr)                Make it at least 24.81955pt, for example:
(fancyhdr)                \setlength{\headheight}{24.81955pt}.
(fancyhdr)                You might also make \topmargin smaller:
(fancyhdr)                \addtolength{\topmargin}{-12.81955pt}.

[35]
LaTeX Font Info:    Trying to load font information for U+bbm on input line 884.
 (C:\Users\shihabsarar12\AppData\Local\Programs\MiKTeX\tex/latex/bbm\ubbm.fd
File: ubbm.fd 1999/03/15 V 1.2 Font definition for bbm font - TH
)
Overfull \hbox (19.30681pt too wide) in paragraph at lines 886--887
\OT1/cmr/m/n/12 jointly with $\OML/cmm/m/it/12 g[]\OT1/cmr/m/n/12 (\OMS/cmsy/m/n/12 ^^A\OT1/cmr/m/n/12 )$ [[]]. Time-frequency en-coders of-ten use short-time Fourier trans-forms (STFT) or wavelet- 
 []


Overfull \hbox (0.19714pt too wide) in paragraph at lines 889--891
\OT1/cmr/m/n/12 Deep mod-els of-ten by-pass ex-plicit fea-ture de-sign by learn-ing con-vo-lu-tional, re-cur-rent, at-ten-tion, or graph 
 []

File: vch-logo.png Graphic file (type png)
<use vch-logo.png>
Package pdftex.def Info: vch-logo.png  used on input line 901.
(pdftex.def)             Requested size: 71.13188pt x 21.21951pt.

Package fancyhdr Warning: \headheight is too small (12.0pt): 
(fancyhdr)                Make it at least 24.81955pt, for example:
(fancyhdr)                \setlength{\headheight}{24.81955pt}.
(fancyhdr)                You might also make \topmargin smaller:
(fancyhdr)                \addtolength{\topmargin}{-12.81955pt}.

[36]
Overfull \hbox (5.4087pt too wide) in paragraph at lines 902--903
[]\OT1/cmr/m/n/12 Liu \OT1/cmr/m/it/12 et al. \OT1/cmr/m/n/12 did shal-low af-fect mod-el-ing by em-pha-siz-ing an ex-plicit fea-ture map and com-pact affect-sensitive 
 []


Overfull \hbox (38.49586pt too wide) in paragraph at lines 920--921
[]\OT1/cmr/m/n/12 from which per-IMF or per-band statis-tics are com-puted for clas-si-fi-ca-tion. Zhang \OT1/cmr/m/it/12 et al. \OT1/cmr/m/n/12 did spatial/connectivity- 
 []


Overfull \hbox (5.31287pt too wide) in paragraph at lines 920--921
\OT1/cmr/m/n/12 bias fea-ture im-por-tance and down-stream se-lec-tion [[]]. Sain \OT1/cmr/m/it/12 et al. \OT1/cmr/m/n/12 did au-to-mated pre-pro-cess-ing/cleaning 
 []


Overfull \hbox (10.85725pt too wide) in paragraph at lines 920--921
\OT1/cmr/m/n/12 ar-ti-facts and can prop-a-gate sys-tem-atic er-rors into fea-tures [[]]. Hadi \OT1/cmr/m/it/12 et al. \OT1/cmr/m/n/12 did au-to-matic fea-ture/channel 
 []

File: vch-logo.png Graphic file (type png)
<use vch-logo.png>
Package pdftex.def Info: vch-logo.png  used on input line 923.
(pdftex.def)             Requested size: 71.13188pt x 21.21951pt.

Package fancyhdr Warning: \headheight is too small (12.0pt): 
(fancyhdr)                Make it at least 24.81955pt, for example:
(fancyhdr)                \setlength{\headheight}{24.81955pt}.
(fancyhdr)                You might also make \topmargin smaller:
(fancyhdr)                \addtolength{\topmargin}{-12.81955pt}.

[37]
Overfull \hbox (2.82878pt too wide) in paragraph at lines 927--928
\OT1/cmr/m/n/12 Deep learn-ing mod-els ad-dress EEG emo-tion recog-ni-tion through \OT1/cmr/m/it/12 learn-able \OT1/cmr/m/n/12 fea-ture ex-trac-tion $\OML/cmm/m/it/12 ^^^[]\OT1/cmr/m/n/12 (\OT1/cmr/bx/n/12 X\OT1/cmr/m/n/12 )$, mak- 
 []

File: vch-logo.png Graphic file (type png)
<use vch-logo.png>
Package pdftex.def Info: vch-logo.png  used on input line 931.
(pdftex.def)             Requested size: 71.13188pt x 21.21951pt.

Package fancyhdr Warning: \headheight is too small (12.0pt): 
(fancyhdr)                Make it at least 24.81955pt, for example:
(fancyhdr)                \setlength{\headheight}{24.81955pt}.
(fancyhdr)                You might also make \topmargin smaller:
(fancyhdr)                \addtolength{\topmargin}{-12.81955pt}.

[38]
Overfull \hbox (66.54976pt too wide) in paragraph at lines 938--939
[]\OT1/cmr/m/n/12 Aydeniz \OT1/cmr/m/it/12 et al. \OT1/cmr/m/n/12 did stan-dalone deep EEG emo-tion learn-ing by em-pha-siz-ing aug-men-ta-tion/normalization/regularization 
 []


Overfull \hbox (1.73323pt too wide) in paragraph at lines 938--939
\OT1/cmr/m/n/12 ero-ge-neous pre-pro-cess-ing with the lim-i-ta-tion that in-con-sis-tent dataset pre-pro-cess-ing and eval-u-a-tion splits 
 []


Overfull \hbox (12.24724pt too wide) in paragraph at lines 943--945
\OT1/cmr/m/n/12 and bi-ases, $\OMS/cmsy/m/n/12 ^^C$ \OT1/cmr/m/n/12 de-notes con-vo-lu-tion over the cho-sen EEG ten-soriza-tion (e.g., channel$\OMS/cmsy/m/n/12 ^^B$\OT1/cmr/m/n/12 time or time--frequency 
 []


Overfull \hbox (7.15123pt too wide) in paragraph at lines 943--945
\OT1/cmr/m/n/12 sion in-sta-bil-i-ties, which can oth-er-wise ob-scure whether gains come from ar-chi-tec-ture or from fu-sion heuris- 
 []

File: vch-logo.png Graphic file (type png)
<use vch-logo.png>
Package pdftex.def Info: vch-logo.png  used on input line 947.
(pdftex.def)             Requested size: 71.13188pt x 21.21951pt.

Package fancyhdr Warning: \headheight is too small (12.0pt): 
(fancyhdr)                Make it at least 24.81955pt, for example:
(fancyhdr)                \setlength{\headheight}{24.81955pt}.
(fancyhdr)                You might also make \topmargin smaller:
(fancyhdr)                \addtolength{\topmargin}{-12.81955pt}.

[39]
Overfull \hbox (0.9499pt too wide) in paragraph at lines 953--954
\OT1/cmr/m/n/12 high-light in-for-ma-tive seg-ments when af-fect evolves grad-u-ally, with the lim-i-ta-tion that connectivity-driven 
 []


Overfull \hbox (4.7018pt too wide) in paragraph at lines 953--954
\OT1/cmr/m/n/12 [[]]. Roy \OT1/cmr/m/it/12 et al. \OT1/cmr/m/n/12 did deep EEG bench-mark-ing and em-pha-sized that attention-enhanced mod-els (like other 
 []


Overfull \hbox (0.81935pt too wide) in paragraph at lines 955--956
\OT1/cmr/m/n/12 which yields data-adaptive ag-gre-ga-tion over to-kens that rep-re-sent chan-nels, time steps, or time-frequency 
 []

File: vch-logo.png Graphic file (type png)
<use vch-logo.png>
Package pdftex.def Info: vch-logo.png  used on input line 960.
(pdftex.def)             Requested size: 71.13188pt x 21.21951pt.

Package fancyhdr Warning: \headheight is too small (12.0pt): 
(fancyhdr)                Make it at least 24.81955pt, for example:
(fancyhdr)                \setlength{\headheight}{24.81955pt}.
(fancyhdr)                You might also make \topmargin smaller:
(fancyhdr)                \addtolength{\topmargin}{-12.81955pt}.

[40]
Overfull \hbox (27.7788pt too wide) in paragraph at lines 967--968
\OT1/cmr/m/n/12 tures) with tem-po-ral pro-cess-ing to en-code dis-tributed af-fec-tive cou-pling, with the lim-i-ta-tion that connectivity- 
 []


Overfull \hbox (38.54951pt too wide) in paragraph at lines 980--981
\OT1/cmr/m/n/12 short-term rhyth-mic pat-terns and longer tem-po-ral con-text are dis-crim-i-na-tive, whereas topology-aware+temporal 
 []

File: vch-logo.png Graphic file (type png)
<use vch-logo.png>
Package pdftex.def Info: vch-logo.png  used on input line 981.
(pdftex.def)             Requested size: 71.13188pt x 21.21951pt.

Package fancyhdr Warning: \headheight is too small (12.0pt): 
(fancyhdr)                Make it at least 24.81955pt, for example:
(fancyhdr)                \setlength{\headheight}{24.81955pt}.
(fancyhdr)                You might also make \topmargin smaller:
(fancyhdr)                \addtolength{\topmargin}{-12.81955pt}.

[41]
Overfull \hbox (2.73882pt too wide) in paragraph at lines 987--988
\OT1/cmr/m/n/12 gories, and (c) mul-ti-modal ex-ten-sions (ECG/GSR/eye gaze/video) en-abling fu-sion and ro-bust-ness checks. 
 []


Overfull \hbox (2.05962pt too wide) in paragraph at lines 987--988
\OT1/cmr/m/n/12 This se-lec-tion sup-ports both al-go-rith-mic com-par-i-son and method-olog-i-cal au-dit-ing (e.g., whether im-prove- 
 []


Overfull \hbox (1.47212pt too wide) in paragraph at lines 989--991
\OT1/cmr/m/n/12 tion as a fi-nite set of cat-e-gories. The cir-cum-plex model mo-ti-vates the valence--arousal plane and is widely 
 []


Overfull \hbox (9.79224pt too wide) in paragraph at lines 995--999
\OT1/cmr/m/n/12 cal method-olog-i-cal pit-fall is \OT1/cmr/m/it/12 segment-level leak-age\OT1/cmr/m/n/12 : if win-dows orig-i-nat-ing from the same con-tin-u-ous record- 
 []


Overfull \hbox (1.54854pt too wide) in paragraph at lines 995--999
\OT1/cmr/m/n/12 tures rather than emotion-related struc-ture, in-flat-ing per-for-mance. This is-sue is well doc-u-mented in EEG 
 []

File: vch-logo.png Graphic file (type png)
<use vch-logo.png>
Package pdftex.def Info: vch-logo.png  used on input line 1015.
(pdftex.def)             Requested size: 71.13188pt x 21.21951pt.

Package fancyhdr Warning: \headheight is too small (12.0pt): 
(fancyhdr)                Make it at least 24.81955pt, for example:
(fancyhdr)                \setlength{\headheight}{24.81955pt}.
(fancyhdr)                You might also make \topmargin smaller:
(fancyhdr)                \addtolength{\topmargin}{-12.81955pt}.

[42]
LaTeX Font Info:    Trying to load font information for OMS+cmr on input line 1017.
 (C:\Users\shihabsarar12\AppData\Local\Programs\MiKTeX\tex/latex/base\omscmr.fd
File: omscmr.fd 2024/11/19 v2.5n Standard LaTeX font definitions
)
LaTeX Font Info:    Font shape `OMS/cmr/m/n' in size <12> not available
(Font)              Font shape `OMS/cmsy/m/n' tried instead on input line 1017.

Overfull \hbox (1.98886pt too wide) in paragraph at lines 1016--1023
\OT1/cmr/m/n/12 plet-ing three ses-sions (about a week apart), watch-ing 15 emotion-eliciting film clips se-lected for \OMS/cmsy/m/n/12 f\OT1/cmr/m/n/12 positive, 
 []


Overfull \hbox (3.11798pt too wide) in paragraph at lines 1032--1037
\OT1/cmr/m/n/12 port. [[]] DREAMER is ad-van-ta-geous when the in-tended method must op-er-ate un-der con-strained chan- 
 []


Overfull \hbox (2.88046pt too wide) in paragraph at lines 1046--1051
\OT1/cmr/m/n/12 head-set (14 chan-nels, 128 Hz) with ex-plicit chan-nel nam-ing, and pe-riph-eral sig-nals in-clude ECG (256 Hz) 
 []

File: vch-logo.png Graphic file (type png)
<use vch-logo.png>
Package pdftex.def Info: vch-logo.png  used on input line 1051.
(pdftex.def)             Requested size: 71.13188pt x 21.21951pt.

Package fancyhdr Warning: \headheight is too small (12.0pt): 
(fancyhdr)                Make it at least 24.81955pt, for example:
(fancyhdr)                \setlength{\headheight}{24.81955pt}.
(fancyhdr)                You might also make \topmargin smaller:
(fancyhdr)                \addtolength{\topmargin}{-12.81955pt}.

[43]
Overfull \hbox (21.51219pt too wide) in paragraph at lines 1058--1063
\OT1/cmr/m/n/12 doc-u-ments the dataset folder struc-ture and an ex-plicit la-bel map-ping (e.g., neu-tral/joy/fear/disgust/sadness) 
 []


Underfull \hbox (badness 10000) in paragraph at lines 1119--1119
[]|\OT1/cmr/m/n/8 40 mu-sic videos
 []


Underfull \hbox (badness 10000) in paragraph at lines 1119--1119
[]|\OT1/cmr/m/n/8 V/A/D +
 []


Underfull \hbox (badness 10000) in paragraph at lines 1119--1119
[]|\OT1/cmr/m/n/8 EEG + pe-
 []


Underfull \hbox (badness 10000) in paragraph at lines 1119--1119
\OT1/cmr/m/n/8 riph-eral +
 []


Underfull \hbox (badness 10000) in paragraph at lines 1119--1119
[]|\OT1/cmr/m/n/8 Strong base-line;
 []


Underfull \hbox (badness 10000) in paragraph at lines 1119--1119
[]|\OT1/cmr/m/n/8 SEED
 []


Underfull \hbox (badness 10000) in paragraph at lines 1119--1119
[]|\OT1/cmr/m/n/8 15 film clips ($\OMS/cmsy/m/n/8 ^^X$\OT1/cmr/m/n/8 4
 []


Underfull \hbox (badness 10000) in paragraph at lines 1119--1119
[]|\OT1/cmr/m/n/8 EEG + eye
 []


Underfull \hbox (badness 10000) in paragraph at lines 1119--1119
[]|\OT1/cmr/m/n/8 Multi-session; DE
 []


Underfull \hbox (badness 10000) in paragraph at lines 1119--1119
[]|\OT1/cmr/m/n/8 SEED-IV
 []


Underfull \hbox (badness 10000) in paragraph at lines 1119--1119
[]|\OT1/cmr/m/n/8 72 clips (24/ses-
 []


Underfull \hbox (badness 10000) in paragraph at lines 1119--1119
[]|\OT1/cmr/m/n/8 EEG + eye
 []


Overfull \hbox (3.4498pt too wide) in paragraph at lines 1119--1119
[]|\OT1/cmr/m/n/8 DREAMER
 []


Underfull \hbox (badness 10000) in paragraph at lines 1119--1119
[]|\OT1/cmr/m/n/8 18 clips (65--393
 []


Underfull \hbox (badness 10000) in paragraph at lines 1119--1119
[]|\OT1/cmr/m/n/8 Wearable-oriented,
 []


Overfull \hbox (1.08865pt too wide) in paragraph at lines 1119--1119
[]|\OT1/cmr/m/n/8 MAHNOB-
 []


Underfull \hbox (badness 10000) in paragraph at lines 1119--1119
\OT1/cmr/m/n/8 HCI
 []


Underfull \hbox (badness 10000) in paragraph at lines 1119--1119
[]|\OT1/cmr/m/n/8 Dimensional
 []


Underfull \hbox (badness 10000) in paragraph at lines 1119--1119
[]|\OT1/cmr/m/n/8 V/A/D +
 []


Underfull \hbox (badness 10000) in paragraph at lines 1119--1119
[]|\OT1/cmr/m/n/8 EEG + mul-ti-
 []


Underfull \hbox (badness 10000) in paragraph at lines 1119--1119
[]|\OT1/cmr/m/n/8 Rich syn-chro-nized
 []


Underfull \hbox (badness 10000) in paragraph at lines 1119--1119
[]|\OT1/cmr/m/n/8 AMIGOS
 []


Underfull \hbox (badness 10000) in paragraph at lines 1119--1119
[]|\OT1/cmr/m/n/8 16 short + 4
 []


Underfull \hbox (badness 10000) in paragraph at lines 1119--1119
[]|\OT1/cmr/m/n/8 Dimensional
 []


Underfull \hbox (badness 10000) in paragraph at lines 1119--1119
[]|\OT1/cmr/m/n/8 EEG + mul-ti-
 []


Underfull \hbox (badness 10000) in paragraph at lines 1119--1119
[]|\OT1/cmr/m/n/8 Includes
 []


Underfull \hbox (badness 10000) in paragraph at lines 1119--1119
\OT1/cmr/m/n/8 group/social con-
 []


Overfull \hbox (8.5221pt too wide) in paragraph at lines 1119--1119
[]|\OT1/cmr/m/n/8 ASCERTAIN
 []


Underfull \hbox (badness 10000) in paragraph at lines 1119--1119
[]|\OT1/cmr/m/n/8 36 clips (51--127
 []


Underfull \hbox (badness 10000) in paragraph at lines 1119--1119
[]|\OT1/cmr/m/n/8 Dimensional
 []


Underfull \hbox (badness 10000) in paragraph at lines 1119--1119
[]|\OT1/cmr/m/n/8 V/A + Big-
 []


Underfull \hbox (badness 10000) in paragraph at lines 1119--1119
[]|\OT1/cmr/m/n/8 EEG + mul-ti-
 []


Underfull \hbox (badness 10000) in paragraph at lines 1119--1119
[]|\OT1/cmr/m/n/8 Single dry sen-sor,
 []


Underfull \hbox (badness 10000) in paragraph at lines 1119--1119
[]|\OT1/cmr/m/n/8 MPED
 []


Underfull \hbox (badness 10000) in paragraph at lines 1119--1119
[]|\OT1/cmr/m/n/8 Ratings +
 []


Underfull \hbox (badness 10000) in paragraph at lines 1119--1119
[]|\OT1/cmr/m/n/8 EEG + mul-ti-
 []


Underfull \hbox (badness 10000) in paragraph at lines 1119--1119
[]|\OT1/cmr/m/n/8 Fine-grained dis-
 []


Underfull \hbox (badness 10000) in paragraph at lines 1119--1119
[]|\OT1/cmr/m/n/8 FACED
 []


Underfull \hbox (badness 10000) in paragraph at lines 1119--1119
[]|\OT1/cmr/m/n/8 28 videos ($\OMS/cmsy/m/n/8 ^^X$\OT1/cmr/m/n/8 66
 []


Underfull \hbox (badness 10000) in paragraph at lines 1119--1119
[]|\OT1/cmr/m/n/8 0--7 rat-ings +
 []


Overfull \hbox (5.51788pt too wide) in paragraph at lines 1119--1119
[]|\OT1/cmr/m/n/8 GAMEEMO
 []


Underfull \hbox (badness 10000) in paragraph at lines 1119--1119
[]|\OT1/cmr/m/n/8 Protocol-
 []


Underfull \hbox (badness 10000) in paragraph at lines 1119--1119
[]|\OT1/cmr/m/n/8 Game-induced
 []


Underfull \hbox (badness 10000) in paragraph at lines 1121--1121
[]\OT1/cmr/m/n/10 Table 6: |Com-pact rep-re-sen-ta-tion of com-monly used EEG emo-tion datasets. The ta-ble is scaled to fit page width while
 []


Overfull \hbox (4.21376pt too wide) in paragraph at lines 1125--1132
[]\OT1/cmr/m/n/12 To jus-tify dataset choice in an ab-stract (method-agnostic) sense, we rec-om-mend eval-u-at-ing datasets along 
 []


Overfull \hbox (9.9066pt too wide) in paragraph at lines 1125--1132
\OT1/cmr/m/n/12 five axes: \OT1/cmr/m/it/12 (1) phys-i-o-log-i-cal fi-delity \OT1/cmr/m/n/12 (chan-nel den-sity and sam-pling rate), \OT1/cmr/m/it/12 (2) la-bel va-lid-ity \OT1/cmr/m/n/12 (self-report driven 
 []


Underfull \hbox (badness 10000) in paragraph at lines 1142--1142
[]|\OT1/cmr/m/n/8 Cross-subject (unseen-
 []


Underfull \hbox (badness 10000) in paragraph at lines 1142--1142
[]|\OT1/cmr/m/n/8 FACED; SEED/SEED-IV (with
 []


Underfull \hbox (badness 10000) in paragraph at lines 1142--1143
[]|\OT1/cmr/m/n/8 Large sub-ject count (FACED) im-
 []


Underfull \hbox (badness 10000) in paragraph at lines 1142--1143
\OT1/cmr/m/n/8 proves subject-invariant learn-ing;
 []


Underfull \hbox (badness 10000) in paragraph at lines 1142--1143
\OT1/cmr/m/n/8 SEED se-ries sup-ports strict subject-
 []


Underfull \hbox (badness 10000) in paragraph at lines 1144--1144
[]|\OT1/cmr/m/n/8 Cross-session ro-bust-ness
 []


Underfull \hbox (badness 10000) in paragraph at lines 1144--1144
\OT1/cmr/m/n/8 (same users, dif-fer-ent
 []


Underfull \hbox (badness 10000) in paragraph at lines 1144--1145
[]|\OT1/cmr/m/n/8 Multiple ses-sions per sub-ject re-veal
 []


Underfull \hbox (badness 10000) in paragraph at lines 1144--1145
\OT1/cmr/m/n/8 tem-po-ral drift and re-duce overly op-ti-
 []


Underfull \hbox (badness 10000) in paragraph at lines 1146--1146
[]|\OT1/cmr/m/n/8 Wearable / low-channel
 []


Underfull \hbox (badness 10000) in paragraph at lines 1146--1146
[]|\OT1/cmr/m/n/8 DREAMER; AMI-GOS;
 []


Underfull \hbox (badness 10000) in paragraph at lines 1146--1147
[]|\OT1/cmr/m/n/8 Explicitly col-lected with low-channel
 []


Underfull \hbox (badness 10000) in paragraph at lines 1146--1147
\OT1/cmr/m/n/8 or consumer-grade sen-sors; bet-ter
 []


Underfull \hbox (badness 10000) in paragraph at lines 1148--1148
[]|\OT1/cmr/m/n/8 Multimodal fu-sion /
 []


Underfull \hbox (badness 10000) in paragraph at lines 1148--1148
[]|\OT1/cmr/m/n/8 DEAP; MAHNOB-HCI; AMI-GOS;
 []


Underfull \hbox (badness 10000) in paragraph at lines 1148--1149
[]|\OT1/cmr/m/n/8 Provides syn-chro-nized aux-il-iary
 []


Underfull \hbox (badness 10000) in paragraph at lines 1148--1149
\OT1/cmr/m/n/8 modal-i-ties (pe-riph-eral sig-nals, gaze,
 []


Underfull \hbox (badness 10000) in paragraph at lines 1148--1149
\OT1/cmr/m/n/8 video) en-abling fu-sion and ab-la-tion
 []


Underfull \hbox (badness 10000) in paragraph at lines 1150--1150
[]|\OT1/cmr/m/n/8 Dimensional af-fect
 []


Underfull \hbox (badness 10000) in paragraph at lines 1150--1150
\OT1/cmr/m/n/8 (va-lence/arousal) as pri-
 []


Underfull \hbox (badness 10000) in paragraph at lines 1150--1150
[]|\OT1/cmr/m/n/8 DEAP; DREAMER; MAHNOB-
 []


Underfull \hbox (badness 10000) in paragraph at lines 1150--1151
[]|\OT1/cmr/m/n/8 Direct V/A (and of-ten dom-i-nance)
 []


Underfull \hbox (badness 10000) in paragraph at lines 1150--1151
\OT1/cmr/m/n/8 rat-ings; sup-ports re-gres-sion or bi-
 []


Underfull \hbox (badness 10000) in paragraph at lines 1150--1151
\OT1/cmr/m/n/8 na-rized clas-si-fi-ca-tion with ex-plicit
 []


Underfull \hbox (badness 10000) in paragraph at lines 1152--1152
[]|\OT1/cmr/m/n/8 Discrete multi-class emo-
 []


Underfull \hbox (badness 10000) in paragraph at lines 1152--1152
[]|\OT1/cmr/m/n/8 SEED-IV; MPED; FACED;
 []


Underfull \hbox (badness 4886) in paragraph at lines 1152--1153
[]|\OT1/cmr/m/n/8 Provides cat-e-gor-i-cal la-bels with $\OMS/cmsy/m/n/8 ^^U \OT1/cmr/m/n/8 4$
 []


Underfull \hbox (badness 10000) in paragraph at lines 1152--1153
\OT1/cmr/m/n/8 classes; sup-ports confusion-matrix-
 []


Underfull \hbox (badness 10000) in paragraph at lines 1152--1153
\OT1/cmr/m/n/8 oriented anal-y-sis and class im-bal-ance
 []


Underfull \hbox (badness 10000) in paragraph at lines 1155--1155
[]\OT1/cmr/m/n/10 Table 7: |Scenario-driven dataset suit-abil-ity. The rec-om-mended choice de-pends on whether the method tar-gets gen-er-al-iza-
 []


Overfull \hbox (4.1349pt too wide) in paragraph at lines 1160--1165
[]\OT1/cmr/m/n/12 Overall, if the goal is a \OT1/cmr/m/it/12 com-par-a-tive study that claims gen-er-al-iza-tion\OT1/cmr/m/n/12 , FACED is the strongest sin-gle choice 
 []

File: vch-logo.png Graphic file (type png)
<use vch-logo.png>
Package pdftex.def Info: vch-logo.png  used on input line 1165.
(pdftex.def)             Requested size: 71.13188pt x 21.21951pt.

Package fancyhdr Warning: \headheight is too small (12.0pt): 
(fancyhdr)                Make it at least 24.81955pt, for example:
(fancyhdr)                \setlength{\headheight}{24.81955pt}.
(fancyhdr)                You might also make \topmargin smaller:
(fancyhdr)                \addtolength{\topmargin}{-12.81955pt}.

[44]
Overfull \hbox (0.67685pt too wide) in paragraph at lines 1167--1169
 \OT1/cmr/bx/n/10 Ex-ec-u-tive sum-mary.[] \OT1/cmr/m/n/12 Re-li-able con-clu-sions in EEG-based emo-tion recog-ni-tion re-quire \OT1/cmr/m/it/12 protocol-aware \OT1/cmr/m/n/12 eval- 
 []


Overfull \hbox (0.75407pt too wide) in paragraph at lines 1167--1169
\OT1/cmr/m/n/12 ric suite and re-port-ing con-ven-tions, then an-a-lyze how eval-u-a-tion pro-to-col (subject-dependent vs. subject- 
 []


Overfull \hbox (6.3679pt too wide) in paragraph at lines 1171--1173
\OT1/cmr/m/n/12 cretiz-ing con-tin-u-ous rat-ings (e.g., high/low va-lence), (ii) la-bel noise from sub-jec-tive self-report and thresh- 
 []


Overfull \hbox (22.94838pt too wide) in paragraph at lines 1171--1173
\OT1/cmr/m/it/12 ac-cu-racy alone \OT1/cmr/m/n/12 can be mis-lead-ing: it may in-crease sim-ply by fa-vor-ing the ma-jor-ity class, even when minority- 
 []

File: vch-logo.png Graphic file (type png)
<use vch-logo.png>
Package pdftex.def Info: vch-logo.png  used on input line 1190.
(pdftex.def)             Requested size: 71.13188pt x 21.21951pt.

Package fancyhdr Warning: \headheight is too small (12.0pt): 
(fancyhdr)                Make it at least 24.81955pt, for example:
(fancyhdr)                \setlength{\headheight}{24.81955pt}.
(fancyhdr)                You might also make \topmargin smaller:
(fancyhdr)                \addtolength{\topmargin}{-12.81955pt}.

[45]
Underfull \hbox (badness 10000) in paragraph at lines 1224--1225
[]|\OT1/cmr/m/n/8 Overall cor-rect-ness; can be in-flated un-der
 []


Underfull \hbox (badness 10000) in paragraph at lines 1226--1227
[]|\OT1/cmr/m/n/8 Costly false pos-i-tives (e.g., ``high arousal''
 []


Underfull \hbox (badness 10000) in paragraph at lines 1228--1229
[]|\OT1/cmr/m/n/8 Costly false neg-a-tives; re-port per-class re-call
 []


Underfull \hbox (badness 10000) in paragraph at lines 1230--1231
[]|\OT1/cmr/m/n/8 Balances pre-ci-sion/recall; ro-bust when classes
 []


Underfull \hbox (badness 10000) in paragraph at lines 1232--1233
[]|\OT1/cmr/m/n/8 Multi-class fair-ness: each class counts equally
 []


Underfull \hbox (badness 10000) in paragraph at lines 1234--1235
[]|\OT1/cmr/m/n/8 Preferred over ac-cu-racy when class pri-ors
 []


Underfull \hbox (badness 10000) in paragraph at lines 1236--1237
[]|\OT1/cmr/m/n/8 Threshold-free rank-ing qual-ity for score-
 []


Overfull \hbox (15.82892pt too wide) in paragraph at lines 1243--1245
\OT1/cmr/m/n/12 fold-wise dif-fer-ences are ap-prox-i-mately sym-met-ric/normal, a paired $\OML/cmm/m/it/12 t$\OT1/cmr/m/n/12 -test is ac-cept-able; oth-er-wise, Wilcoxon 
 []


Overfull \hbox (5.5193pt too wide) in paragraph at lines 1243--1245
\OT1/cmr/m/n/12 ing (sub-ject/fold), and an ef-fect size (e.g., mean dif-fer-ence with con-fi-dence in-ter-val) to avoid ``significance- 
 []

File: vch-logo.png Graphic file (type png)
<use vch-logo.png>
Package pdftex.def Info: vch-logo.png  used on input line 1252.
(pdftex.def)             Requested size: 71.13188pt x 21.21951pt.

Package fancyhdr Warning: \headheight is too small (12.0pt): 
(fancyhdr)                Make it at least 24.81955pt, for example:
(fancyhdr)                \setlength{\headheight}{24.81955pt}.
(fancyhdr)                You might also make \topmargin smaller:
(fancyhdr)                \addtolength{\topmargin}{-12.81955pt}.

[46]
Overfull \hbox (12.30812pt too wide) in paragraph at lines 1253--1254
\OT1/cmr/m/n/12 inter-subject recog-ni-tion, while re-cent deep ar-chi-tec-tures in-creas-ingly ad-dress this prob-lem through spatial-- 
 []


Overfull \hbox (11.45952pt too wide) in paragraph at lines 1260--1261
\OT1/cmr/m/n/12 shows a tran-si-tion from graph-based spec-tral mod-el-ing to-ward mul-tido-main at-ten-tion, Transformer-assisted 
 []


Underfull \hbox (badness 10000) in paragraph at lines 1267--1267
[]\OT1/cmr/m/n/10 Table 9: |Rep-re-sen-ta-tive subject-dependent EEG emotion-recognition re-sults. Ac-cu-racy val-ues cor-re-spond to the ex-per-i-men-tal pro-to-cols re-ported in the orig-i-nal
 []


Underfull \hbox (badness 10000) in paragraph at lines 1267--1267
\OT1/cmr/m/n/10 stud-ies and should there-fore be in-ter-preted with re-spect to the dataset, emotion-label con-fig-u-ra-tion, and val-i-da-tion strat-egy. A = arousal, V = va-lence, and D =
 []


Underfull \hbox (badness 10000) in paragraph at lines 1388--1391
[]\OT1/cmr/m/it/7 Note: \OT1/cmr/m/n/7 Nu-mer-i-cal re-sults are not di-rectly com-pa-ra-ble across rows be-cause the stud-ies dif-fer in emo-tion la-bels, seg-men-ta-tion strat-egy, val-i-da-tion pro-to-col, fea-ture con-struc-tion, and dataset com-po-si-tion.
 []


Underfull \hbox (badness 10000) in paragraph at lines 1388--1391
\OT1/cmr/m/n/7 In par-tic-u-lar, window-level ran-dom split-ting can yield more op-ti-mistic es-ti-mates than trial-wise group-ing. Ac-cord-ingly, AWT-Net re-ports both its window-level re-sult (99.61%) and the stricter trial-wise
 []

File: vch-logo.png Graphic file (type png)
<use vch-logo.png>
Package pdftex.def Info: vch-logo.png  used on input line 1402.
(pdftex.def)             Requested size: 71.13188pt x 21.21951pt.

Package fancyhdr Warning: \headheight is too small (12.0pt): 
(fancyhdr)                Make it at least 24.81955pt, for example:
(fancyhdr)                \setlength{\headheight}{24.81955pt}.
(fancyhdr)                You might also make \topmargin smaller:
(fancyhdr)                \addtolength{\topmargin}{-12.81955pt}.

[47]
File: vch-logo.png Graphic file (type png)
<use vch-logo.png>
Package pdftex.def Info: vch-logo.png  used on input line 1402.
(pdftex.def)             Requested size: 71.13188pt x 21.21951pt.


Package fancyhdr Warning: \headheight is too small (12.0pt): 
(fancyhdr)                Make it at least 24.81955pt, for example:
(fancyhdr)                \setlength{\headheight}{24.81955pt}.
(fancyhdr)                You might also make \topmargin smaller:
(fancyhdr)                \addtolength{\topmargin}{-12.81955pt}.

[48]
Underfull \hbox (badness 10000) in paragraph at lines 1408--1408
[]\OT1/cmr/m/n/10 Table 10: |Rep-re-sen-ta-tive subject-independent EEG emotion-recognition re-sults. The com-par-i-son in-te-grates graph-based learn-ing, trans-fer learn-ing, do-main adap-ta-
 []


Underfull \hbox (badness 10000) in paragraph at lines 1521--1525
[]\OT1/cmr/m/it/7 Note: \OT1/cmr/m/n/7 Re-sults are re-ported un-der the eval-u-a-tion pro-to-col of the cor-re-spond-ing study and are there-fore not di-rectly in-ter-change-able as a com-mon bench-mark. Dif-fer-ences in emo-tion classes, pre-pro-cess-
 []


Overfull \hbox (1.27629pt too wide) in paragraph at lines 1536--1537
\OT1/cmr/m/n/12 Transfer learn-ing ex-plic-itly ad-dresses dis-tri-bu-tion mis-match by trans-fer-ring use-ful emotion-related knowl- 
 []


Overfull \hbox (7.34706pt too wide) in paragraph at lines 1536--1537
\OT1/cmr/m/n/12 multi-source learn-ing, calibration-efficient adap-ta-tion, hy-brid fine-tuning, cross-dataset un-su-per-vised adap- 
 []


Underfull \hbox (badness 10000) in paragraph at lines 1544--1544
[]\OT1/cmr/m/n/10 Table 11: |Rep-re-sen-ta-tive transfer-learning eval-u-a-tions for EEG-based emo-tion recog-ni-tion. Re-sults cor-re-spond to the orig-i-nal trans-fer set-ting of each method; cross-
 []


Underfull \hbox (badness 10000) in paragraph at lines 1676--1683
[]\OT1/cmr/m/it/7 Note: \OT1/cmr/m/n/7 Re-sults from dif-fer-ent trans-fer sce-nar-ios are not di-rectly com-pa-ra-ble. Cross-subject adap-ta-tion ad-dresses inter-individual vari-abil-ity within a dataset, cross-session adap-ta-tion ad-dresses tem-po-ral
 []


Underfull \hbox (badness 10000) in paragraph at lines 1676--1683
\OT1/cmr/m/n/7 non-stationarity, whereas cross-dataset trans-fer ad-di-tion-ally in-tro-duces dif-fer-ences in par-tic-i-pants, ac-qui-si-tion hard-ware, elec-trode con-fig-u-ra-tions, stim-uli, and pre-pro-cess-ing. Some meth-ods also use un-
 []


Overfull \hbox (5.78041pt too wide) in paragraph at lines 1686--1687
[]\OT1/cmr/m/n/12 The transfer-learning re-sults show a clear method-olog-i-cal shift from global fea-ture align-ment to-ward class- 
 []


Overfull \hbox (0.4888pt too wide) in paragraph at lines 1688--1689
\OT1/cmr/m/n/12 conditional align-ment with pro-gres-sively se-lected pseudo-labels [[]]. Nu-mer-i-cally, these re-ported within- 
 []

(template.bbl
File: vch-logo.png Graphic file (type png)
<use vch-logo.png>
Package pdftex.def Info: vch-logo.png  used on input line 25.
(pdftex.def)             Requested size: 71.13188pt x 21.21951pt.


Package fancyhdr Warning: \headheight is too small (12.0pt): 
(fancyhdr)                Make it at least 24.81955pt, for example:
(fancyhdr)                \setlength{\headheight}{24.81955pt}.
(fancyhdr)                You might also make \topmargin smaller:
(fancyhdr)                \addtolength{\topmargin}{-12.81955pt}.

[49]
File: vch-logo.png Graphic file (type png)
<use vch-logo.png>
Package pdftex.def Info: vch-logo.png  used on input line 25.
(pdftex.def)             Requested size: 71.13188pt x 21.21951pt.


Package fancyhdr Warning: \headheight is too small (12.0pt): 
(fancyhdr)                Make it at least 24.81955pt, for example:
(fancyhdr)                \setlength{\headheight}{24.81955pt}.
(fancyhdr)                You might also make \topmargin smaller:
(fancyhdr)                \addtolength{\topmargin}{-12.81955pt}.

[50]
File: vch-logo.png Graphic file (type png)
<use vch-logo.png>
Package pdftex.def Info: vch-logo.png  used on input line 25.
(pdftex.def)             Requested size: 71.13188pt x 21.21951pt.


Package fancyhdr Warning: \headheight is too small (12.0pt): 
(fancyhdr)                Make it at least 24.81955pt, for example:
(fancyhdr)                \setlength{\headheight}{24.81955pt}.
(fancyhdr)                You might also make \topmargin smaller:
(fancyhdr)                \addtolength{\topmargin}{-12.81955pt}.

[51]
File: vch-logo.png Graphic file (type png)
<use vch-logo.png>
Package pdftex.def Info: vch-logo.png  used on input line 161.
(pdftex.def)             Requested size: 71.13188pt x 21.21951pt.


Package fancyhdr Warning: \headheight is too small (12.0pt): 
(fancyhdr)                Make it at least 24.81955pt, for example:
(fancyhdr)                \setlength{\headheight}{24.81955pt}.
(fancyhdr)                You might also make \topmargin smaller:
(fancyhdr)                \addtolength{\topmargin}{-12.81955pt}.

[52]
File: vch-logo.png Graphic file (type png)
<use vch-logo.png>
Package pdftex.def Info: vch-logo.png  used on input line 289.
(pdftex.def)             Requested size: 71.13188pt x 21.21951pt.


Package fancyhdr Warning: \headheight is too small (12.0pt): 
(fancyhdr)                Make it at least 24.81955pt, for example:
(fancyhdr)                \setlength{\headheight}{24.81955pt}.
(fancyhdr)                You might also make \topmargin smaller:
(fancyhdr)                \addtolength{\topmargin}{-12.81955pt}.

[53]
File: vch-logo.png Graphic file (type png)
<use vch-logo.png>
Package pdftex.def Info: vch-logo.png  used on input line 400.
(pdftex.def)             Requested size: 71.13188pt x 21.21951pt.


Package fancyhdr Warning: \headheight is too small (12.0pt): 
(fancyhdr)                Make it at least 24.81955pt, for example:
(fancyhdr)                \setlength{\headheight}{24.81955pt}.
(fancyhdr)                You might also make \topmargin smaller:
(fancyhdr)                \addtolength{\topmargin}{-12.81955pt}.

[54]
File: vch-logo.png Graphic file (type png)
<use vch-logo.png>
Package pdftex.def Info: vch-logo.png  used on input line 535.
(pdftex.def)             Requested size: 71.13188pt x 21.21951pt.


Package fancyhdr Warning: \headheight is too small (12.0pt): 
(fancyhdr)                Make it at least 24.81955pt, for example:
(fancyhdr)                \setlength{\headheight}{24.81955pt}.
(fancyhdr)                You might also make \topmargin smaller:
(fancyhdr)                \addtolength{\topmargin}{-12.81955pt}.

[55]
Underfull \hbox (badness 1097) in paragraph at lines 642--646
[]\OT1/cmr/m/n/12 Y. Ganin, E. Usti-nova, H. Ajakan, P. Ger-main, H. Larochelle, F. Lavi-o-lette, M. Marc-hand, 
 []

File: vch-logo.png Graphic file (type png)
<use vch-logo.png>
Package pdftex.def Info: vch-logo.png  used on input line 657.
(pdftex.def)             Requested size: 71.13188pt x 21.21951pt.

Package fancyhdr Warning: \headheight is too small (12.0pt): 
(fancyhdr)                Make it at least 24.81955pt, for example:
(fancyhdr)                \setlength{\headheight}{24.81955pt}.
(fancyhdr)                You might also make \topmargin smaller:
(fancyhdr)                \addtolength{\topmargin}{-12.81955pt}.

[56]
Underfull \hbox (badness 10000) in paragraph at lines 698--703
[]\OT1/cmr/m/n/12 L. Zhao, X. Yan, B.-L. Lu,  In \OT1/cmr/m/it/12 Pro-ceed-ings of the AAAI Con-fer- 
 []


Underfull \hbox (badness 10000) in paragraph at lines 698--703
\OT1/cmr/m/it/12 ence on Ar-ti-fi-cial In-tel-li-gence\OT1/cmr/m/n/12 , vol-ume 35. \OT1/cmr/bx/n/12 2021 \OT1/cmr/m/n/12 863--870,  URL 
 []

File: vch-logo.png Graphic file (type png)
<use vch-logo.png>
Package pdftex.def Info: vch-logo.png  used on input line 777.
(pdftex.def)             Requested size: 71.13188pt x 21.21951pt.

Package fancyhdr Warning: \headheight is too small (12.0pt): 
(fancyhdr)                Make it at least 24.81955pt, for example:
(fancyhdr)                \setlength{\headheight}{24.81955pt}.
(fancyhdr)                You might also make \topmargin smaller:
(fancyhdr)                \addtolength{\topmargin}{-12.81955pt}.

[57]
File: vch-logo.png Graphic file (type png)
<use vch-logo.png>
Package pdftex.def Info: vch-logo.png  used on input line 908.
(pdftex.def)             Requested size: 71.13188pt x 21.21951pt.


Package fancyhdr Warning: \headheight is too small (12.0pt): 
(fancyhdr)                Make it at least 24.81955pt, for example:
(fancyhdr)                \setlength{\headheight}{24.81955pt}.
(fancyhdr)                You might also make \topmargin smaller:
(fancyhdr)                \addtolength{\topmargin}{-12.81955pt}.

[58]
File: vch-logo.png Graphic file (type png)
<use vch-logo.png>
Package pdftex.def Info: vch-logo.png  used on input line 1034.
(pdftex.def)             Requested size: 71.13188pt x 21.21951pt.


Package fancyhdr Warning: \headheight is too small (12.0pt): 
(fancyhdr)                Make it at least 24.81955pt, for example:
(fancyhdr)                \setlength{\headheight}{24.81955pt}.
(fancyhdr)                You might also make \topmargin smaller:
(fancyhdr)                \addtolength{\topmargin}{-12.81955pt}.

[59])
File: vch-logo.png Graphic file (type png)
<use vch-logo.png>
Package pdftex.def Info: vch-logo.png  used on input line 1692.
(pdftex.def)             Requested size: 71.13188pt x 21.21951pt.


Package fancyhdr Warning: \headheight is too small (12.0pt): 
(fancyhdr)                Make it at least 24.81955pt, for example:
(fancyhdr)                \setlength{\headheight}{24.81955pt}.
(fancyhdr)                You might also make \topmargin smaller:
(fancyhdr)                \addtolength{\topmargin}{-12.81955pt}.

[60] (template.aux)
 ***********
LaTeX2e <2025-11-01>
L3 programming layer <2026-01-19>
 ***********
 ) 
Here is how much of TeX's memory you used:
 6954 strings out of 467866
 120924 string characters out of 5414454
 549418 words of memory out of 5000000
 35719 multiletter control sequences out of 15000+600000
 646227 words of font info for 105 fonts, out of 8000000 for 9000
 1141 hyphenation exceptions out of 8191
 72i,19n,79p,6109b,628s stack positions out of 10000i,1000n,20000p,200000b,200000s
 <C:\Users\shihabsarar12\AppData\Local\MiKTeX\fonts/pk/ljfour/public/bbm/dpi600\bbm12.pk> <C:\Users\shihabsarar12\AppData\Local\MiKTeX\fonts/pk/ljfour/jknappen/ec/dpi600\tcrm1200.pk><C:/Users/shihabsarar12/AppData/Local/Programs/MiKTeX/fonts/type1/public/amsfonts/cm/cmbx10.pfb><C:/Users/shihabsarar12/AppData/Local/Programs/MiKTeX/fonts/type1/public/amsfonts/cm/cmbx12.pfb><C:/Users/shihabsarar12/AppData/Local/Programs/MiKTeX/fonts/type1/public/amsfonts/cm/cmbx7.pfb><C:/Users/shihabsarar12/AppData/Local/Programs/MiKTeX/fonts/type1/public/amsfonts/cm/cmbx8.pfb><C:/Users/shihabsarar12/AppData/Local/Programs/MiKTeX/fonts/type1/public/amsfonts/cm/cmbx9.pfb><C:/Users/shihabsarar12/AppData/Local/Programs/MiKTeX/fonts/type1/public/amsfonts/cm/cmcsc10.pfb><C:/Users/shihabsarar12/AppData/Local/Programs/MiKTeX/fonts/type1/public/amsfonts/cm/cmex10.pfb><C:/Users/shihabsarar12/AppData/Local/Programs/MiKTeX/fonts/type1/public/amsfonts/cmextra/cmex8.pfb><C:/Users/shihabsarar12/AppData/Local/Programs/MiKTeX/fonts/type1/public/amsfonts/cm/cmmi10.pfb><C:/Users/shihabsarar12/AppData/Local/Programs/MiKTeX/fonts/type1/public/amsfonts/cm/cmmi12.pfb><C:/Users/shihabsarar12/AppData/Local/Programs/MiKTeX/fonts/type1/public/amsfonts/cm/cmmi6.pfb><C:/Users/shihabsarar12/AppData/Local/Programs/MiKTeX/fonts/type1/public/amsfonts/cm/cmmi7.pfb><C:/Users/shihabsarar12/AppData/Local/Programs/MiKTeX/fonts/type1/public/amsfonts/cm/cmmi8.pfb><C:/Users/shihabsarar12/AppData/Local/Programs/MiKTeX/fonts/type1/public/amsfonts/cm/cmmi9.pfb><C:/Users/shihabsarar12/AppData/Local/Programs/MiKTeX/fonts/type1/public/amsfonts/cm/cmmib10.pfb><C:/Users/shihabsarar12/AppData/Local/Programs/MiKTeX/fonts/type1/public/amsfonts/cm/cmr10.pfb><C:/Users/shihabsarar12/AppData/Local/Programs/MiKTeX/fonts/type1/public/amsfonts/cm/cmr12.pfb><C:/Users/shihabsarar12/AppData/Local/Programs/MiKTeX/fonts/type1/public/amsfonts/cm/cmr17.pfb><C:/Users/shihabsarar12/AppData/Local/Programs/MiKTeX/fonts/type1/public/amsfonts/cm/cmr6.pfb><C:/Users/shihabsarar12/AppData/Local/Programs/MiKTeX/fonts/type1/public/amsfonts/cm/cmr7.pfb><C:/Users/shihabsarar12/AppData/Local/Programs/MiKTeX/fonts/type1/public/amsfonts/cm/cmr8.pfb><C:/Users/shihabsarar12/AppData/Local/Programs/MiKTeX/fonts/type1/public/amsfonts/cm/cmr9.pfb><C:/Users/shihabsarar12/AppData/Local/Programs/MiKTeX/fonts/type1/public/amsfonts/cm/cmsl10.pfb><C:/Users/shihabsarar12/AppData/Local/Programs/MiKTeX/fonts/type1/public/amsfonts/cm/cmsy10.pfb><C:/Users/shihabsarar12/AppData/Local/Programs/MiKTeX/fonts/type1/public/amsfonts/cm/cmsy7.pfb><C:/Users/shihabsarar12/AppData/Local/Programs/MiKTeX/fonts/type1/public/amsfonts/cm/cmsy8.pfb><C:/Users/shihabsarar12/AppData/Local/Programs/MiKTeX/fonts/type1/public/amsfonts/cm/cmti12.pfb><C:/Users/shihabsarar12/AppData/Local/Programs/MiKTeX/fonts/type1/public/amsfonts/cm/cmti7.pfb><C:/Users/shihabsarar12/AppData/Local/Programs/MiKTeX/fonts/type1/public/amsfonts/cm/cmti9.pfb><C:/Users/shihabsarar12/AppData/Local/Programs/MiKTeX/fonts/type1/public/amsfonts/cm/cmtt12.pfb><C:/Users/shihabsarar12/AppData/Local/Programs/MiKTeX/fonts/type1/public/cbgreek/grmi1200.pfb><C:/Users/shihabsarar12/AppData/Local/Programs/MiKTeX/fonts/type1/public/cbgreek/grmn1200.pfb><C:/Users/shihabsarar12/AppData/Local/Programs/MiKTeX/fonts/type1/public/amsfonts/symbols/msam10.pfb><C:/Users/shihabsarar12/AppData/Local/Programs/MiKTeX/fonts/type1/public/amsfonts/symbols/msbm10.pfb>
Output written on template.pdf (60 pages, 5231798 bytes).
PDF statistics:
 392 PDF objects out of 1000 (max. 8388607)
 0 named destinations out of 1000 (max. 500000)
 41 words of extra memory for PDF output out of 10000 (max. 10000000)

